id,f_id,pname,psex,page,pphone,
'440404200804119230',f001001,童贤,男,12,19220008225,
'360725198703198126',f001002,陈露瑞,女,33,16674538905,
'430703196212047762',f001003,包真,女,58,11850016705,
'430703196212049004',f001004,顾洁伊,女,58,11292068677,
'140322199611026397',f001005,公冶宝霭,男,24,14774678206,
'370306196203156300',f001006,程全,女,58,19091314041,
'632323198803038763',f001007,包淑,女,32,19385203932,
'13052619690610703X',f001008,左滢健,男,51,17802832389,
'130526196906108470',f001009,邹会林,男,51,16051027580,
'620321194802126919',f001010,满珠,男,72,14236142464,
'430703196212049661',f001011,穆雄,女,58,12808188889,
'211302199106146041',f001012,马俊雅,女,29,13776722041,
'43070319621204676X',f001013,汤珊,女,58,14161448873,
'360521197504259175',f001014,从峰时,男,45,10007619741,
'360725198703198169',f001015,陆翠,女,33,18556919236,
'460204198001167282',f001016,莘莺,女,40,19684897579,
'440404200804116494',f001017,宣真琰,男,12,10750032037,
'140322199611029432',f001018,胥天清,男,24,17227786714,
'360521197504258770',f001019,凤冰兴,男,45,13137007626,
'620321194802128770',f001020,祝枝,男,72,14490193736,
'460204198001168162',f001021,阎霭睿,女,40,13593835048,
'360725198703198927',f001022,柏柔,女,33,17811774765,
'610203200108126239',f001023,步凡,男,19,16487561535,
'430703196212046882',f001024,浦荔,女,58,12432965719,
'330329198403148889',f001025,田琦,女,36,13377114983,
'140322199611028894',f001026,裴莺苇,男,24,11298858527,
'360725198703196964',f001027,湛娅,女,33,19956100003,
'460204198001169843',f001028,宗之苛,女,40,11480509785,
'130526196906108091',f001029,于生岚,男,51,10376947217,
'370306196203157469',f001030,柳宁,女,58,10323672041,
'120102199908059712',f001031,范秀,男,21,18755577882,
'360725198703199700',f001032,武舒,女,33,18559479506,
'62032119480212987X',f001033,季卿凤,男,72,16195856915,
'21130219910614832X',f001034,尚逸浩,女,29,18161084930,
'130526196906108139',f001035,关飞,男,51,16356074120,
'340223197004159015',f001036,范珠娥,男,50,19889578263,
'632323198803039969',f001037,梅秋,女,32,14242209967,
'340223197004158573',f001038,潘强晴,男,50,11045821232,
'130526196906106571',f001039,欧阳筠永,男,51,15445329785,
'130526196906108251',f001040,秦嘉,男,51,11774723429,
'340223197004158274',f001041,吴昌,男,50,19358928547,
'340223197004156332',f001042,史武程,男,50,16618986875,
'620321194802128295',f001043,孙融,男,72,17781332263,
'46020419800116660X',f001044,昌亮茗,女,40,15815243217,
'360725198703199209',f001045,傅全,女,33,16644671131,
'330329198403146461',f001046,阮阅,女,36,12598610010,
'610203200108127856',f001047,万玛宏,男,19,16337545096,
'360521197504256935',f001048,吉罡霄,男,45,14345132031,
'330329198403147624',f001049,包菡建,女,36,15727615471,
'330329198403147640',f001050,令狐莺浩,女,36,16545961986,
'360725198703198767',f001051,陶桂鸣,女,33,14328415547,
'620321194802127153',f001052,孔菊,男,72,14025429984,
'620321194802126396',f001053,夏侯家元,男,72,14815936360,
'63232319880303886X',f001054,孔剑嘉,女,32,10380803703,
'430703196212046807',f001055,包平珠,女,58,15532919997,
'130526196906109895',f001056,范蝶瑗,男,51,16980904935,
'14032219961102683X',f001057,卢群晶,男,24,19151924029,
'34022319700415859X',f001058,柏琴,男,50,10945719003,
'632323198803037023',f001059,鲁君才,女,32,13756780856,
'460204198001168365',f001060,包雅楠,女,40,12123495691,
'130526196906108155',f001061,武悦,男,51,19136209611,
'360521197504258199',f001062,傅琴,男,45,19378471466,
'330329198403148061',f001063,水茂荔,女,36,10123762028,
'211302199106148565',f001064,谭群承,女,29,10207289510,
'44040420080411857X',f001065,索纨,男,12,17059034521,
'360521197504259394',f001066,莘松悦,男,45,14512160086,
'610203200108128517',f001067,沈秋,男,19,13185115670,
'430703196212046241',f001068,骆霞霄,女,58,16862232885,
'43070319621204940X',f001069,逄红友,女,58,19086919737,
'360521197504257751',f001070,凤山航,男,45,15575231349,
'440404200804119038',f001071,花纪,男,12,18198724005,
'120102199908057274',f001072,贾河承,男,21,13668522015,
'440404200804116136',f001073,章昭香,男,12,13302256603,
'632323198803036186',f001074,逄剑山,女,32,15716979218,
'620321194802129634',f001075,薛利,男,72,16675379495,
'430703196212047105',f001076,阮启,女,58,17747914319,
'460204198001168162',f001077,崔军敬,女,40,15501028940,
'632323198803039408',f001078,毕莲,女,32,19942205112,
'340223197004158135',f001079,解素,男,50,18074823608,
'440404200804117657',f001080,田美宗,男,12,13442462548,
'620321194802129159',f001081,纪东佳,男,72,15284606659,
'440404200804116654',f001082,戴翠君,男,12,12050908200,
'632323198803036346',f001083,戴玛,女,32,17801277256,
'340223197004156498',f001084,吴爽希,男,50,17918993095,
'360725198703196366',f001085,阙竹静,女,33,15820640606,
'63232319880303704X',f001086,花枝影,女,32,14578019514,
'211302199106149322',f001087,戴永,女,29,18311366128,
'21130219910614816X',f001088,向晴,女,29,10633766661,
'330329198403149363',f001089,彭蓓贤,女,36,16454765030,
'36072519870319650X',f001090,林星祥,女,33,17978178568,
'610203200108129739',f001091,崔娣,男,19,10262797058,
'360521197504259335',f001092,平子月,男,45,12701741984,
'620321194802129597',f001093,柏芸,男,72,12119095625,
'340223197004156930',f001094,屈罡,男,50,12886777080,
'34022319700415955X',f001095,巩敬,男,50,19730363201,
'620321194802127233',f001096,李桦斌,男,72,15717750461,
'360521197504258033',f001097,浦丹,男,45,15421885876,
'140322199611026514',f001098,昌全,男,24,18717113843,
'460204198001167960',f001099,从星鸿,女,40,19418992791,
'211302199106146789',f001100,司马鹏,女,29,17241698707,
'610203200108129771',f001101,柏羽鸣,男,19,10421037338,
'440404200804117518',f001102,东方惠泰,男,12,19439646594,
'130526196906108534',f001103,别飞雁,男,51,13619808598,
'211302199106146009',f001104,嵇河,女,29,14013757615,
'211302199106147423',f001105,丁黛,女,29,19102652646,
'460204198001168680',f001106,姜云群,女,40,16279933109,
'14032219961102827X',f001107,胥青东,男,24,18080506989,
'360725198703197502',f001108,蓝梦,女,33,15434178939,
'34022319700415613X',f001109,谭建,男,50,11089969330,
'632323198803038640',f001110,长孙欣婷,女,32,19982901597,
'430703196212047383',f001111,莫爽炎,女,58,17943112149,
'120102199908056976',f001112,路航广,男,21,14552302518,
'120102199908056298',f001113,茅光义,男,21,10822557629,
'620321194802127233',f001114,范巧菲,男,72,15819562490,
'370306196203158381',f001115,徐离菁,女,58,14244102809,
'130526196906106176',f001116,丁乐媚,男,51,14588987848,
'36052119750425805X',f001117,齐威芬,男,45,12697600303,
'430703196212046364',f001118,杨哲,女,58,19962417311,
'430703196212047842',f001119,怀翠,女,58,12230795266,
'360521197504258498',f001120,姚阅彦,男,45,17759883137,
'140322199611026936',f001121,应家诚,男,24,13225236613,
'130526196906109895',f001122,许烁霞,男,51,15413888176,
'610203200108129077',f001123,寿琳亚,男,19,18089583134,
'130526196906108438',f001124,谈思,男,51,11636676520,
'460204198001167709',f001125,虞心,女,40,16956522527,
'620321194802129896',f001126,房士民,男,72,14758188306,
'130526196906108331',f001127,晏炎,男,51,12351926242,
'211302199106147925',f001128,都育,女,29,19114273968,
'440404200804118510',f001129,逄蝶妮,男,12,12131579258,
'370306196203158621',f001130,赖奇义,女,58,19645715776,
'632323198803039846',f001131,公冶真枫,女,32,12282651927,
'211302199106147263',f001132,廖鹏,女,29,17336756493,
'610203200108126570',f001133,司滢,男,19,14025070234,
'620321194802129212',f001134,溥罡春,男,72,11197546743,
'340223197004158354',f001135,荣茜全,男,50,12807206387,
'440404200804116312',f001136,唐燕,男,12,11146043189,
'620321194802129255',f001137,狄杰玉,男,72,10199006067,
'340223197004157933',f001138,张筠,男,50,18683478025,
'140322199611026354',f001139,弘邦昌,男,24,14187859257,
'120102199908058795',f001140,陆风轮,男,21,18973716516,
'440404200804116435',f001141,郑友,男,12,16795184115,
'140322199611026530',f001142,朱家,男,24,18680365389,
'360725198703198740',f001143,毕露,女,33,13213115456,
'460204198001169368',f001144,东骅宁,女,40,15852642838,
'620321194802128797',f001145,严韦,男,72,10210632825,
'360521197504259538',f001146,常良,男,45,15978136692,
'120102199908059050',f001147,伏学凝,男,21,18212785759,
'632323198803039125',f001148,司空翠,女,32,17552278332,
'360521197504256417',f001149,长孙真盛,男,45,19733575119,
'610203200108129712',f001150,利眉,男,19,13134747433,
'340223197004159736',f001151,龙宗骅,男,50,18894178852,
'120102199908059472',f001152,禄奇,男,21,14924847869,
'632323198803037787',f001153,元广嘉,女,32,10444208749,
'330329198403146146',f001154,马燕,女,36,14981919332,
'360725198703198484',f001155,仲宗,女,33,18131862864,
'140322199611028659',f001156,曲惠,男,24,13790957164,
'211302199106146244',f001157,晏中寒,女,29,10517089280,
'130526196906109852',f001158,公冶平,男,51,11389151130,
'211302199106149883',f001159,洪媛,女,29,18994257598,
'13052619690610869X',f001160,樊会,男,51,10548002072,
'460204198001169042',f001161,贺忠菁,女,40,11504425358,
'120102199908058058',f001162,聂亮莺,男,21,17576318299,
'130526196906108454',f001163,卢萱容,男,51,10520491334,
'330329198403148141',f001164,龚娥,女,36,19332663360,
'610203200108129536',f001165,冉贵,男,19,13447583815,
'61020320010812871X',f001166,司骅,男,19,19897158978,
'440404200804119599',f001167,骆环,男,12,13586834214,
'36052119750425987X',f001168,晏妹儿,男,45,19076370537,
'360521197504256337',f001169,弘艺,男,45,19036598692,
'330329198403148029',f001170,司马若苇,女,36,12278165527,
'211302199106148725',f001171,莘贵江,女,29,11046186928,
'370306196203156386',f001172,荣健,女,58,10817886751,
'610203200108126650',f001173,单于纨诚,男,19,19924687271,
'360521197504257559',f001174,逄生,男,45,12130334959,
'632323198803037963',f001175,邓静婵,女,32,10164754207,
'610203200108128891',f001176,霍博,男,19,18735070812,
'620321194802129319',f001177,倪怡,男,72,11003537632,
'440404200804118510',f001178,瞿东旭,男,12,17418286969,
'360521197504257233',f001179,公冶妮,男,45,19168566687,
'632323198803038288',f001180,童胜,女,32,12135415874,
'340223197004158434',f001181,景纯雄,男,50,14824211342,
'632323198803036602',f001182,高威心,女,32,18652064095,
'330329198403149144',f001183,诸葛怡,女,36,15053482240,
'120102199908056976',f001184,冉昭,男,21,16863541791,
'440404200804118617',f001185,童艳震,男,12,19254403984,
'330329198403148846',f001186,湛心,女,36,19270944354,
'130526196906106432',f001187,赫连朋,男,51,11625937610,
'14032219961102747X',f001188,滕朋,男,24,13861473681,
'440404200804116435',f001189,桑宜振,男,12,12451495671,
'620321194802126812',f001190,顾凤先,男,72,10454363264,
'620321194802129511',f001191,司马凤阳,男,72,11050171158,
'211302199106148848',f001192,许彦,女,29,12550674994,
'140322199611029918',f001193,平亚纪,男,24,11077198822,
'460204198001169667',f001194,武雄博,女,40,19085740011,
'43070319621204924X',f001195,伊成苑,女,58,19662448421,
'130526196906108278',f001196,柴莎震,男,51,16345990673,
'460204198001167346',f001197,祁豪,女,40,16969167064,
'360521197504257014',f001198,卫星菲,男,45,18024286269,
'440404200804116494',f001199,程成紫,男,12,10056054735,
'340223197004158493',f001200,姬盛光,男,50,11318849490,
'140322199611028595',f001201,禄翠,男,24,16814874446,
'460204198001168488',f001202,邓平蓓,女,40,13090441146,
'130526196906106213',f001203,钱贵娥,男,51,19289772768,
'140322199611027277',f001204,奚盛,男,24,18277228461,
'360725198703197465',f001205,屠世,女,33,13803253634,
'211302199106147589',f001206,卞纨龙,女,29,14781083735,
'63232319880303712X',f001207,廖霭,女,32,18955805214,
'340223197004157191',f001208,丁克楠,男,50,14867603955,
'340223197004158370',f001209,房琛萱,男,50,13196589390,
'63232319880303800X',f001210,昌阳锦,女,32,17063243854,
'120102199908058111',f001211,颜阳朋,男,21,17658902844,
'460204198001169464',f001212,封福,女,40,10125095463,
'440404200804118676',f001213,韩福春,男,12,19519292501,
'21130219910614752X',f001214,庾进,女,29,12469947219,
'330329198403146621',f001215,都珊辉,女,36,19338038354,
'460204198001167442',f001216,扶武彪,女,40,15944298209,
'330329198403146445',f001217,纪嘉蓝,女,36,15261869005,
'211302199106148581',f001218,师枝,女,29,13155672872,
'360725198703199727',f001219,刘枝君,女,33,16649323484,
'140322199611029950',f001220,盛可博,男,24,13973257362,
'370306196203158429',f001221,耿朋,女,58,13335647551,
'430703196212047009',f001222,庄芳菡,女,58,13096884536,
'120102199908059958',f001223,匡厚,男,21,19426496929,
'211302199106146340',f001224,单宽凝,女,29,18374745471,
'211302199106148549',f001225,毛露,女,29,15597111486,
'36052119750425995X',f001226,章昭,男,45,16481250291,
'370306196203156044',f001227,卞蓓,女,58,17991349832,
'620321194802129319',f001228,古菡,男,72,12861929926,
'610203200108129595',f001229,梁伟,男,19,19624769934,
'610203200108126634',f001230,贡露,男,19,17767719670,
'120102199908059958',f001231,桑力军,男,21,13383671400,
'140322199611026530',f001232,祁清雪,男,24,19017762908,
'620321194802128391',f001233,封功,男,72,11171829518,
'360521197504259474',f001234,舒全玉,男,45,18884222079,
'460204198001167821',f001235,崔勇,女,40,19873980930,
'360521197504258551',f001236,谈冰康,男,45,14216530793,
'460204198001168808',f001237,曹承,女,40,18303650975,
'360725198703198361',f001238,尉迟莉,女,33,13157141217,
'360725198703197828',f001239,淳于友,女,33,12234764304,
'360521197504256230',f001240,通康紫,男,45,12844429640,
'211302199106148581',f001241,溥娥毅,女,29,18169146916,
'340223197004158071',f001242,武宝,男,50,12195169843,
'360521197504256492',f001243,卓怡,男,45,13152749329,
'460204198001169341',f001244,胥淑全,女,40,10944001847,
'130526196906108833',f001245,苗东旭,男,51,11676476278,
'360521197504259351',f001246,任容,男,45,14693605008,
'34022319700415867X',f001247,荆凤哲,男,50,19242867510,
'360521197504258594',f001248,徐离爽,男,45,13544011273,
'620321194802127217',f001249,易璧,男,72,11208980208,
'211302199106147722',f001250,安珠影,女,29,18884640453,
'360725198703197668',f001251,伏可,女,33,12788174709,
'430703196212047164',f001252,诸茗,女,58,16996442030,
'440404200804119994',f001253,崔天志,男,12,19425280915,
'120102199908058891',f001254,蔡世筠,男,21,18259763178,
'430703196212046006',f001255,茅菡,女,58,13578613930,
'21130219910614760X',f001256,慕容江,女,29,16472715649,
'360725198703199663',f001257,祁钧寒,女,33,17570434704,
'430703196212048220',f001258,施宗竹,女,58,16541040201,
'370306196203158285',f001259,弘时,女,58,19829873679,
'140322199611027218',f001260,滕芝,男,24,14316635712,
'610203200108127039',f001261,葛雄蓝,男,19,10347162898,
'140322199611026055',f001262,夏茜,男,24,16680071691,
'460204198001168162',f001263,司徒咏,女,40,10126732807,
'44040420080411961X',f001264,欧娴,男,12,14773412027,
'360725198703198249',f001265,詹岩霞,女,33,14158899732,
'632323198803038261',f001266,郝安绿,女,32,14642816364,
'340223197004158119',f001267,潘融,男,50,11610074052,
'130526196906109051',f001268,郑辰翠,男,51,19408812404,
'440404200804118211',f001269,水秋瑗,男,12,12492201112,
'440404200804118414',f001270,单筠鹏,男,12,15751000942,
'460204198001168947',f001271,王芬洁,女,40,13483506829,
'460204198001168461',f001272,都星,女,40,18702228737,
'120102199908059835',f001273,张贞,男,21,13508495220,
'610203200108127514',f001274,闻枝,男,19,19282261281,
'330329198403149347',f001275,连唯,女,36,15501010702,
'46020419800116900X',f001276,姜舒寒,女,40,19747661287,
'440404200804118799',f001277,冉义琰,男,12,13441122170,
'330329198403146509',f001278,崔瑗贝,女,36,14968054373,
'430703196212047543',f001279,庞儿,女,58,15815319423,
'340223197004156316',f001280,欧清轮,男,50,10586470236,
'430703196212048765',f001281,鲍贵,女,58,14691349192,
'440404200804116873',f001282,宗政芳燕,男,12,13344017563,
'620321194802129757',f001283,殷凝,男,72,15182041007,
'211302199106146826',f001284,蓝苛,女,29,15751215838,
'610203200108126538',f001285,孙叶,男,19,11614414456,
'430703196212049784',f001286,池爽,女,58,12538763443,
'340223197004157976',f001287,惠飞,男,50,15227020335,
'360725198703198003',f001288,习彩江,女,33,11351644038,
'440404200804118334',f001289,费倩浩,男,12,12767301642,
'211302199106146180',f001290,平莎亮,女,29,13989278707,
'632323198803036549',f001291,任青乐,女,32,17526293040,
'360725198703198521',f001292,盛会媛,女,33,18072248176,
'440404200804116259',f001293,齐纯,男,12,15868287874,
'370306196203159704',f001294,孔庆露,女,58,18731801602,
'370306196203156546',f001295,浦眉,女,58,12309866636,
'120102199908059851',f001296,闻人以,男,21,17699970352,
'632323198803036987',f001297,通武,女,32,10948788195,
'610203200108128410',f001298,阎鸿,男,19,16400652983,
'430703196212048802',f001299,雷雅,女,58,12146076667,
'360725198703198185',f001300,童媛,女,33,19212689505,
'460204198001166263',f002001,谢堂纯,女,40,13078344385,
'620321194802127559',f002002,梅雯雪,男,72,10866326294,
'13052619690610711X',f002003,阎莎菲,男,51,11933011091,
'430703196212048749',f002004,鲁婵淑,女,58,17725069614,
'370306196203157901',f002005,李灵霞,女,58,11086565518,
'360725198703196542',f002006,吴轮,女,33,10510148148,
'632323198803036987',f002007,储义娟,女,32,16479983675,
'340223197004159373',f002008,姜栋振,男,50,13982238966,
'360725198703198169',f002009,宗航民,女,33,19549463219,
'632323198803039643',f002010,舒俊,女,32,12778132159,
'460204198001167784',f002011,赫连慧贵,女,40,16188170943,
'632323198803036004',f002012,熊树邦,女,32,15226692535,
'211302199106147765',f002013,刘浩,女,29,17474599867,
'120102199908058832',f002014,古滢,男,21,11218521888,
'330329198403148782',f002015,匡晓宇,女,36,15588068874,
'430703196212047682',f002016,向怡,女,58,17220394126,
'211302199106146025',f002017,公孙筠,女,29,12805862157,
'140322199611026514',f002018,闵栋,男,24,13166920444,
'440404200804117278',f002019,翟心慧,男,12,18675075150,
'21130219910614760X',f002020,蔡杰承,女,29,15792497570,
'130526196906109377',f002021,柯朗,男,51,17693987564,
'370306196203158605',f002022,阮菊,女,58,14299621255,
'340223197004159971',f002023,唐成涛,男,50,19851176570,
'330329198403147181',f002024,谭江瑾,女,36,12813893225,
'360725198703197705',f002025,马行,女,33,19085788282,
'360521197504258711',f002026,荆纨翠,男,45,14096242084,
'62032119480212637X',f002027,申力振,男,72,11077015903,
'360521197504258455',f002028,平容,男,45,11798291968,
'130526196906107371',f002029,邱毓菁,男,51,19519001237,
'340223197004157351',f002030,宗裕,男,50,17465298115,
'330329198403147341',f002031,庞泰,女,36,15928233614,
'460204198001168445',f002032,于震,女,40,18924956097,
'370306196203159966',f002033,尤海月,女,58,10264629728,
'360725198703197908',f002034,金坚先,女,33,17030182609,
'120102199908057477',f002035,季俊洋,男,21,14658531738,
'620321194802129992',f002036,范康馨,男,72,13669631393,
'632323198803039360',f002037,尹飞影,女,32,17519002001,
'370306196203159907',f002038,罗雨,女,58,14629943908,
'140322199611026258',f002039,禄奇,男,24,14678399641,
'36052119750425979X',f002040,都昭,男,45,13458180871,
'12010219990805919X',f002041,邵豪会,男,21,15879874446,
'140322199611027592',f002042,邹爽,男,24,14351011642,
'360725198703197625',f002043,裴雨,女,33,14109350191,
'130526196906109537',f002044,胡榕,男,51,15396145312,
'430703196212047009',f002045,朱威,女,58,13580818668,
'610203200108129034',f002046,苏文盛,男,19,14531989790,
'440404200804119134',f002047,郭曼翔,男,12,17876025743,
'370306196203158541',f002048,符荔瑞,女,58,14300163643,
'632323198803039029',f002049,闻人烟,女,32,10770786459,
'360725198703197828',f002050,钱茜博,女,33,17939685129,
'430703196212049004',f002051,通佳,女,58,10565408352,
'370306196203156562',f002052,元宽,女,58,15597655622,
'610203200108129536',f002053,崔翠,男,19,10122369223,
'130526196906109094',f002054,顾敬,男,51,12965360645,
'130526196906107478',f002055,陈苇,男,51,15058075689,
'130526196906108518',f002056,娄翰以,男,51,14640728797,
'610203200108127119',f002057,尹容荣,男,19,15295933312,
'440404200804119919',f002058,广蕊欢,男,12,19400988867,
'63232319880303712X',f002059,元育诚,女,32,13880307818,
'340223197004158856',f002060,邢华,男,50,12004977479,
'440404200804117657',f002061,顾杰才,男,12,17392997332,
'632323198803037488',f002062,幸桦,女,32,12468735548,
'440404200804118078',f002063,欧梁泽,男,12,11558827165,
'460204198001168584',f002064,司马钧,女,40,15772662293,
'632323198803036207',f002065,舒唯曼,女,32,13135609493,
'610203200108129499',f002066,沈玉,男,19,15881371006,
'120102199908057258',f002067,冯黛枝,男,21,18101196026,
'120102199908058090',f002068,寿珍言,男,21,11832284432,
'610203200108127418',f002069,王中,男,19,14481007912,
'430703196212046583',f002070,赵晶致,女,58,13530718900,
'120102199908058912',f002071,庄剑,男,21,11050204416,
'632323198803037867',f002072,柳丽玲,女,32,12618363639,
'340223197004159699',f002073,华贤维,男,50,14232325395,
'610203200108129536',f002074,江影,男,19,13675056946,
'610203200108126810',f002075,潘凝盛,男,19,18978202728,
'460204198001169886',f002076,舒希健,女,40,17573781645,
'610203200108128058',f002077,尉迟纯清,男,19,18506635846,
'12010219990805601X',f002078,伏忠逸,男,21,16537289230,
'120102199908058613',f002079,庞桂昭,男,21,16046341716,
'370306196203159800',f002080,欧毅静,女,58,13693430235,
'360521197504259773',f002081,荆琴,男,45,13758282368,
'360521197504256011',f002082,戚梦裕,男,45,12171913176,
'370306196203157928',f002083,宇文彦燕,女,58,15145708227,
'34022319700415859X',f002084,柴蓉伯,男,50,19813187416,
'370306196203156685',f002085,尤凤,女,58,10517667172,
'340223197004158653',f002086,施纨,男,50,10502391153,
'211302199106149680',f002087,鲍明,女,29,17761149855,
'620321194802129175',f002088,房菡,男,72,12456963110,
'120102199908056036',f002089,马林,男,21,13989870235,
'430703196212048749',f002090,闻曼,女,58,19765549028,
'330329198403148723',f002091,乔悦艺,女,36,17658046456,
'360521197504258316',f002092,褚琦生,男,45,10305612332,
'120102199908059915',f002093,罗世,男,21,15107107406,
'430703196212047869',f002094,公孙荷瑾,女,58,15970597270,
'370306196203158082',f002095,庾阅,女,58,14440170378,
'36072519870319650X',f002096,齐友骅,女,33,13939427997,
'370306196203157143',f002097,柏香,女,58,11365296585,
'610203200108128832',f002098,项韵珠,男,19,12587594801,
'340223197004156199',f002099,沈罡,男,50,15386980379,
'360725198703198863',f002100,宗有,女,33,13474552925,
'430703196212049522',f002101,韩富,女,58,16678613999,
'370306196203158808',f002102,胡纪紫,女,58,13045446637,
'620321194802127997',f002103,喻翰,男,72,17401703010,
'120102199908057653',f002104,柯腾,男,21,14303406486,
'360521197504256134',f002105,骆平,男,45,10842044819,
'370306196203159288',f002106,宣眉,女,58,12982972050,
'370306196203158269',f002107,荣峰,女,58,18898958949,
'330329198403147245',f002108,柯健,女,36,18454676951,
'120102199908056634',f002109,阎唯育,男,21,17732447562,
'460204198001167362',f002110,巩浩,女,40,15724039755,
'120102199908057258',f002111,宣星巧,男,21,10068704434,
'620321194802128359',f002112,盛娣,男,72,15495165089,
'610203200108127397',f002113,裘雄惠,男,19,11731266598,
'430703196212046700',f002114,孙艳健,女,58,14589477402,
'61020320010812847X',f002115,韩家,男,19,16771571078,
'211302199106149525',f002116,杜娅苑,女,29,18061179727,
'46020419800116660X',f002117,通琴,女,40,12209829367,
'14032219961102763X',f002118,曹海,男,24,18608766440,
'430703196212048327',f002119,晏茜腾,女,58,17620401510,
'370306196203159763',f002120,罗明荣,女,58,13061884270,
'620321194802128375',f002121,洪兰,男,72,18599023857,
'430703196212048044',f002122,耿昌,女,58,13199460059,
'440404200804117657',f002123,杭红筠,男,12,14304479370,
'140322199611029993',f002124,澹台雯天,男,24,12246685144,
'340223197004156893',f002125,匡蝶,男,50,12451520593,
'360725198703197609',f002126,陈霄宏,女,33,12429071515,
'36072519870319650X',f002127,谢莺月,女,33,15983362768,
'360521197504258850',f002128,韦群逸,男,45,18764522219,
'340223197004156770',f002129,邱若山,男,50,18798219660,
'430703196212047586',f002130,闻雨,女,58,13283129164,
'440404200804117833',f002131,幸阅,男,12,16257698560,
'460204198001166327',f002132,古慧,女,40,12686435035,
'37030619620315724X',f002133,鲁惠,女,58,12468836317,
'330329198403146947',f002134,仇思宜,女,36,19282349998,
'211302199106148426',f002135,荀霭竹,女,29,11517545574,
'130526196906107099',f002136,向萍舒,男,51,17246995325,
'370306196203156829',f002137,单永,女,58,19232509971,
'632323198803038763',f002138,别利,女,32,11466044732,
'340223197004157618',f002139,雍信纯,男,50,14689777532,
'34022319700415699X',f002140,支全仪,男,50,12735704795,
'360521197504256775',f002141,吕融宽,男,45,10420549506,
'632323198803038405',f002142,甄儿,女,32,19723729330,
'211302199106148944',f002143,庞婉洁,女,29,15222946495,
'440404200804118019',f002144,裘佳融,男,12,11436982650,
'360725198703196622',f002145,蔡妹翔,女,33,13434819632,
'120102199908056378',f002146,戚仪,男,21,17191038529,
'330329198403147245',f002147,公孙武,女,36,14143108351,
'43070319621204828X',f002148,倪菡朋,女,58,11309045351,
'130526196906107734',f002149,武宏仪,男,51,11442390108,
'632323198803038229',f002150,平平林,女,32,16286815278,
'620321194802128412',f002151,喻春芸,男,72,18565704704,
'340223197004157474',f002152,秦香,男,50,18207466887,
'370306196203159720',f002153,庾雨学,女,58,16035864320,
'330329198403149363',f002154,王菡,女,36,19450254970,
'360725198703197182',f002155,司徒馨,女,33,15639469168,
'211302199106148522',f002156,项静程,女,29,15141546796,
'140322199611027111',f002157,诸葛树,男,24,17746605589,
'130526196906109035',f002158,淳于莉振,男,51,19284201916,
'632323198803036426',f002159,从邦康,女,32,16009655170,
'370306196203158269',f002160,司恒磊,女,58,14731779359,
'330329198403148424',f002161,程恒薇,女,36,15761296305,
'610203200108128410',f002162,凌利爽,男,19,17642829086,
'360521197504256230',f002163,路柔仁,男,45,18077567390,
'632323198803036143',f002164,宗政融,女,32,19945530634,
'370306196203158701',f002165,邵新美,女,58,18752397876,
'440404200804117032',f002166,屈晨淑,男,12,16185913490,
'340223197004158813',f002167,童梦飞,男,50,14392476579,
'330329198403149523',f002168,扶善,女,36,19120154490,
'211302199106146922',f002169,柯进,女,29,19825547394,
'610203200108126634',f002170,童馨瑾,男,19,11672486956,
'360725198703198863',f002171,雍娜,女,33,11479435996,
'330329198403147149',f002172,庞竹,女,36,15859325982,
'330329198403146605',f002173,詹芸,女,36,15495226790,
'610203200108127012',f002174,都旭安,男,19,10338713349,
'130526196906107750',f002175,晏怡琼,男,51,18749359251,
'440404200804117534',f002176,卞荷,男,12,16163022264,
'360725198703196702',f002177,赖芳轮,女,33,17125169660,
'632323198803039547',f002178,钱淑丹,女,32,13364915902,
'632323198803039627',f002179,乔烟壮,女,32,12221558828,
'120102199908058656',f002180,莘枝,男,21,18440522794,
'34022319700415939X',f002181,浦阅泰,男,50,17332711898,
'120102199908059712',f002182,令狐苛裕,男,21,16056920540,
'340223197004159859',f002183,闵桂厚,男,50,10963875230,
'140322199611026995',f002184,李澜,男,24,14489758689,
'340223197004158012',f002185,茅伟,男,50,15439077487,
'370306196203158381',f002186,屈绍,女,58,14739850010,
'120102199908058832',f002187,邢苑程,男,21,17679531162,
'140322199611029731',f002188,阙仁,男,24,17459936373,
'130526196906106379',f002189,邓伊林,男,51,13374826665,
'21130219910614672X',f002190,柳霭,女,29,11255861262,
'620321194802128455',f002191,仇谦锦,男,72,17850856550,
'610203200108126570',f002192,司徒瑶秋,男,19,17247067436,
'211302199106146826',f002193,杭富,女,29,15493226522,
'440404200804119492',f002194,容仁菊,男,12,14959209353,
'130526196906107697',f002195,詹辰,男,51,15060742986,
'130526196906107232',f002196,怀芝环,男,51,16684704057,
'130526196906106379',f002197,诸葛瑾,男,51,15973197589,
'460204198001168840',f002198,淳于雄炎,女,40,11309097826,
'360521197504256679',f002199,包航中,男,45,14140796216,
'360725198703196286',f002200,钟锦荷,女,33,16032757356,
'620321194802127137',f002201,解柔,男,72,13773423033,
'340223197004156391',f002202,云凤,男,50,13405318170,
'610203200108128576',f002203,邹媚,男,19,16850692452,
'632323198803038560',f002204,昌彩,女,32,15178288349,
'130526196906109318',f002205,路容贤,男,51,12543823999,
'632323198803037787',f002206,古爽,女,32,11046606155,
'61020320010812863X',f002207,高平,男,19,11639287135,
'360725198703196964',f002208,史榕,女,33,19598028574,
'211302199106147263',f002209,曹炎,女,29,10265361696,
'63232319880303878X',f002210,单榕,女,32,12083542017,
'610203200108128891',f002211,仲琬秋,男,19,10321295114,
'130526196906106635',f002212,郑可贵,男,51,13299056808,
'360521197504258252',f002213,桑政,男,45,16090124576,
'370306196203158824',f002214,司杰,女,58,10439350350,
'440404200804117497',f002215,魏伯岩,男,12,18283631098,
'430703196212048765',f002216,谭庆初,女,58,11184834208,
'610203200108129093',f002217,劳宜斌,男,19,16154019600,
'36052119750425717X',f002218,诸葛瑾,男,45,10381136794,
'120102199908058816',f002219,韩飘清,男,21,14860021611,
'120102199908058330',f002220,杨玛,男,21,19531211702,
'360521197504258375',f002221,范彬,男,45,18141010937,
'13052619690610607X',f002222,池英,男,51,16649207142,
'370306196203158840',f002223,曲苑,女,58,10789484469,
'610203200108128736',f002224,汪惠素,男,19,19443343929,
'370306196203158664',f002225,关宁,女,58,15427840170,
'140322199611028771',f002226,诸仪,男,24,14598929011,
'340223197004156113',f002227,娄秀宗,男,50,17281518457,
'620321194802128199',f002228,单江娜,男,72,17037510935,
'120102199908059499',f002229,娄堂,男,21,19468943347,
'130526196906108171',f002230,阙亨天,男,51,18871425655,
'211302199106146164',f002231,窦紫晨,女,29,16817731845,
'330329198403149849',f002232,冯先妍,女,36,13373142557,
'13052619690610877X',f002233,燕珊媚,男,51,12605745111,
'632323198803039862',f002234,柯凤,女,32,17514710086,
'120102199908059050',f002235,宣媛,男,21,16459095821,
'140322199611029096',f002236,党祥娅,男,24,19565542947,
'460204198001167303',f002237,袁明,女,40,11431532503,
'37030619620315644X',f002238,成全,女,58,19265507783,
'330329198403146429',f002239,甄璐,女,36,17668473646,
'211302199106148266',f002240,应涛,女,29,18296754799,
'370306196203156220',f002241,张菊,女,58,18595214036,
'130526196906106678',f002242,习琪,男,51,13887678628,
'63232319880303878X',f002243,弘顺健,女,32,17507827859,
'62032119480212995X',f002244,单勤红,男,72,10906691613,
'440404200804119273',f002245,鲍红,男,12,17411264331,
'370306196203156060',f002246,郑莉生,女,58,10249629150,
'340223197004156674',f002247,宗政刚苛,男,50,18427224864,
'360521197504259511',f002248,申琴,男,45,11971600392,
'340223197004157992',f002249,郝生雁,男,50,12544813443,
'360725198703198804',f002250,云丽,女,33,12389621763,
'460204198001167506',f002251,朱烁,女,40,18755105072,
'370306196203156685',f002252,赖琛寒,女,58,11430392482,
'620321194802129474',f002253,滕若,男,72,19002160974,
'430703196212049143',f002254,盛贝福,女,58,19207927178,
'620321194802128834',f002255,郑勇,男,72,11090741013,
'140322199611028974',f002256,濮阳紫群,男,24,14203946595,
'120102199908059296',f002257,温磊,男,21,15398518550,
'63232319880303720X',f002258,阙君,女,32,17732225740,
'632323198803038982',f002259,严园,女,32,15818388678,
'620321194802126572',f002260,滕婷贤,男,72,18221179831,
'440404200804118975',f002261,东凡,男,12,12729769178,
'632323198803036864',f002262,关芬盛,女,32,16261195825,
'360521197504256070',f002263,霍媚会,男,45,12148605975,
'330329198403147384',f002264,弘晨冰,女,36,12699789497,
'36072519870319634X',f002265,仇世,女,33,15788560698,
'340223197004156252',f002266,彭安,男,50,19619725357,
'46020419800116740X',f002267,朱芝,女,40,10516919480,
'430703196212048140',f002268,樊彪裕,女,58,15872665060,
'430703196212047789',f002269,孙韵以,女,58,19621226447,
'632323198803037509',f002270,寿悦,女,32,10042436335,
'330329198403148408',f002271,曲利梅,女,36,15078482289,
'140322199611028990',f002272,阎振,男,24,17217651052,
'140322199611028333',f002273,应兰,男,24,14635956442,
'340223197004159154',f002274,劳邦,男,50,15095211881,
'440404200804119732',f002275,寇婉勤,男,12,10869527839,
'460204198001167223',f002276,别园,女,40,10499484898,
'330329198403146488',f002277,胡江晶,女,36,19328450945,
'632323198803038624',f002278,解仁,女,32,18555815179,
'460204198001167688',f002279,田玉,女,40,17319027727,
'120102199908059958',f002280,匡厚,男,21,13608399333,
