id,password,staff_id,
s001001,123456,s001001,
s001002,123456,s001002,
s001003,123456,s001003,
s001004,123456,s001004,
s001005,123456,s001005,
s001006,123456,s001006,
s001007,123456,s001007,
s001008,123456,s001008,
s001009,123456,s001009,
s001010,123456,s001010,
s001011,123456,s001011,
s001012,123456,s001012,
s001013,123456,s001013,
s001014,123456,s001014,
s001015,123456,s001015,
s001016,123456,s001016,
s001017,123456,s001017,
s001018,123456,s001018,
s001019,123456,s001019,
s001020,123456,s001020,
s002001,123456,s002001,
s002002,123456,s002002,
s002003,123456,s002003,
s002004,123456,s002004,
s002005,123456,s002005,
s002006,123456,s002006,
s002007,123456,s002007,
s002008,123456,s002008,
s002009,123456,s002009,
s002010,123456,s002010,
s002011,123456,s002011,
s002012,123456,s002012,
s002013,123456,s002013,
s002014,123456,s002014,
s002015,123456,s002015,
s002016,123456,s002016,
s002017,123456,s002017,
s002018,123456,s002018,
s002019,123456,s002019,
s002020,123456,s002020,
