id,f_id,color,brand,model
f0010011,f001001,黑,比亚迪,MPV
f0010021,f001002,黑,大众,MPV
f0010031,f001003,黑,奔驰,MPV
f0010041,f001004,黑,比亚迪,紧凑型
f0010051,f001005,白,宝马,CDV
f0010061,f001006,黑,奥迪,SUV
f0010071,f001007,银灰,大众,SUV
f0010081,f001008,黑,大众,SUV
f0010091,f001009,白,比亚迪,SUV
f0010101,f001010,红,比亚迪,紧凑型
f0010111,f001011,黑,大众,CDV
f0010121,f001012,红,比亚迪,MPV
f0010131,f001013,黑,比亚迪,MPV
f0010141,f001014,黑,奥迪,紧凑型
f0010151,f001015,黑,奔驰,SUV
f0010161,f001016,黑,大众,MPV
f0010171,f001017,银灰,宝马,CDV
f0010181,f001018,黑,宝马,CDV
f0010191,f001019,黑,奥迪,紧凑型
f0010201,f001020,黑,奥迪,SUV
f0010211,f001021,银灰,大众,紧凑型
f0010221,f001022,银灰,宝马,MPV
f0010231,f001023,白,大众,SUV
f0010241,f001024,黑,比亚迪,MPV
f0010251,f001025,银灰,大众,MPV
f0010261,f001026,黑,宝马,MPV
f0010271,f001027,黑,奥迪,CDV
f0010281,f001028,银灰,奔驰,SUV
f0010291,f001029,黑,奥迪,紧凑型
f0010301,f001030,黑,比亚迪,CDV
f0010311,f001031,黑,比亚迪,CDV
f0010321,f001032,黑,宝马,紧凑型
f0010331,f001033,银灰,宝马,SUV
f0010341,f001034,黑,比亚迪,MPV
f0010351,f001035,黑,大众,SUV
f0010361,f001036,黑,比亚迪,SUV
f0010371,f001037,白,宝马,MPV
f0010381,f001038,黑,奥迪,SUV
f0010391,f001039,银灰,奔驰,MPV
f0010401,f001040,黑,宝马,SUV
f0010411,f001041,银灰,大众,SUV
f0010421,f001042,黑,比亚迪,MPV
f0010431,f001043,银灰,比亚迪,SUV
f0010441,f001044,黑,比亚迪,CDV
f0010451,f001045,黑,宝马,紧凑型
f0010461,f001046,黑,比亚迪,SUV
f0010471,f001047,银灰,比亚迪,SUV
f0010481,f001048,黑,比亚迪,MPV
f0010491,f001049,黑,比亚迪,MPV
f0010501,f001050,黑,宝马,CDV
f0010511,f001051,银灰,比亚迪,SUV
f0010521,f001052,银灰,比亚迪,CDV
f0010531,f001053,黑,宝马,紧凑型
f0010541,f001054,黑,奔驰,紧凑型
f0010551,f001055,银灰,大众,紧凑型
f0010561,f001056,银灰,奥迪,MPV
f0010571,f001057,银灰,奔驰,SUV
f0010581,f001058,银灰,奔驰,SUV
f0010591,f001059,银灰,大众,SUV
f0010601,f001060,银灰,宝马,紧凑型
f0010611,f001061,白,比亚迪,紧凑型
f0010621,f001062,黑,奔驰,紧凑型
f0010631,f001063,黑,大众,CDV
f0010641,f001064,黑,奥迪,SUV
f0010651,f001065,黑,奔驰,SUV
f0010661,f001066,白,宝马,MPV
f0010671,f001067,银灰,大众,紧凑型
f0010681,f001068,红,奔驰,MPV
f0010691,f001069,黑,奔驰,SUV
f0010701,f001070,银灰,比亚迪,SUV
f0010711,f001071,黑,奔驰,MPV
f0010721,f001072,黑,宝马,MPV
f0010731,f001073,银灰,比亚迪,MPV
f0010741,f001074,银灰,大众,CDV
f0010751,f001075,黑,大众,紧凑型
f0010761,f001076,银灰,大众,紧凑型
f0010771,f001077,黑,奔驰,MPV
f0010781,f001078,红,宝马,紧凑型
f0010791,f001079,白,奥迪,CDV
f0010801,f001080,黑,宝马,SUV
f0010811,f001081,银灰,宝马,SUV
f0010821,f001082,黑,大众,紧凑型
f0010831,f001083,黑,宝马,紧凑型
f0010841,f001084,红,大众,MPV
f0010851,f001085,红,宝马,SUV
f0010861,f001086,白,比亚迪,CDV
f0010871,f001087,银灰,比亚迪,SUV
f0010881,f001088,黑,大众,CDV
f0010891,f001089,黑,宝马,CDV
f0010901,f001090,黑,奔驰,MPV
f0010911,f001091,银灰,宝马,SUV
f0010921,f001092,黑,宝马,SUV
f0010931,f001093,银灰,宝马,紧凑型
f0010941,f001094,白,比亚迪,MPV
f0010951,f001095,黑,宝马,SUV
f0010961,f001096,银灰,奔驰,MPV
f0010971,f001097,黑,比亚迪,CDV
f0010981,f001098,黑,宝马,SUV
f0010991,f001099,白,奔驰,SUV
f0011001,f001100,银灰,比亚迪,SUV
f0011011,f001101,黑,奔驰,MPV
f0011021,f001102,黑,奥迪,SUV
f0011031,f001103,白,宝马,CDV
f0011041,f001104,黑,奔驰,CDV
f0011051,f001105,白,宝马,CDV
f0011061,f001106,黑,宝马,CDV
f0011071,f001107,银灰,宝马,SUV
f0011081,f001108,白,大众,SUV
f0011091,f001109,黑,奔驰,SUV
f0011101,f001110,白,大众,CDV
f0011111,f001111,银灰,宝马,紧凑型
f0011121,f001112,黑,奥迪,SUV
f0011131,f001113,黑,比亚迪,紧凑型
f0011141,f001114,红,奔驰,MPV
f0011151,f001115,黑,大众,MPV
f0011161,f001116,白,比亚迪,SUV
f0011171,f001117,黑,奔驰,MPV
f0011181,f001118,黑,宝马,CDV
f0011191,f001119,白,比亚迪,紧凑型
f0011201,f001120,白,比亚迪,紧凑型
f0011211,f001121,黑,比亚迪,紧凑型
f0011221,f001122,黑,大众,CDV
f0011231,f001123,黑,大众,SUV
f0011241,f001124,红,比亚迪,CDV
f0011251,f001125,银灰,比亚迪,紧凑型
f0011261,f001126,白,比亚迪,MPV
f0011271,f001127,黑,宝马,CDV
f0011281,f001128,红,奔驰,MPV
f0011291,f001129,银灰,奥迪,SUV
f0011301,f001130,银灰,比亚迪,SUV
f0011311,f001131,银灰,大众,SUV
f0011321,f001132,银灰,奔驰,紧凑型
f0011331,f001133,黑,大众,CDV
f0011341,f001134,红,奔驰,SUV
f0011351,f001135,银灰,比亚迪,MPV
f0011361,f001136,黑,奥迪,MPV
f0011371,f001137,红,大众,CDV
f0011381,f001138,银灰,奔驰,紧凑型
f0011391,f001139,白,奔驰,SUV
f0011401,f001140,黑,大众,SUV
f0011411,f001141,银灰,大众,紧凑型
f0011421,f001142,银灰,大众,SUV
f0011431,f001143,银灰,宝马,MPV
f0011441,f001144,白,宝马,紧凑型
f0011451,f001145,黑,奔驰,CDV
f0011461,f001146,黑,奔驰,紧凑型
f0011471,f001147,黑,宝马,SUV
f0011481,f001148,黑,宝马,MPV
f0011491,f001149,黑,比亚迪,MPV
f0011501,f001150,黑,比亚迪,MPV
f0011511,f001151,黑,大众,MPV
f0011521,f001152,白,比亚迪,SUV
f0011531,f001153,白,奔驰,紧凑型
f0011541,f001154,黑,奥迪,SUV
f0011551,f001155,黑,奔驰,SUV
f0011561,f001156,黑,大众,MPV
f0011571,f001157,黑,比亚迪,SUV
f0011581,f001158,黑,奔驰,CDV
f0011591,f001159,银灰,奔驰,SUV
f0011601,f001160,银灰,大众,紧凑型
f0011611,f001161,白,奥迪,CDV
f0011621,f001162,黑,宝马,MPV
f0011631,f001163,白,奥迪,SUV
f0011641,f001164,黑,奔驰,SUV
f0011651,f001165,黑,宝马,CDV
f0011661,f001166,白,比亚迪,CDV
f0011671,f001167,黑,宝马,MPV
f0011681,f001168,黑,大众,CDV
f0011691,f001169,黑,奔驰,MPV
f0011701,f001170,黑,宝马,紧凑型
f0011711,f001171,白,大众,SUV
f0011721,f001172,银灰,比亚迪,CDV
f0011731,f001173,黑,宝马,紧凑型
f0011741,f001174,黑,奔驰,SUV
f0011751,f001175,黑,大众,MPV
f0011761,f001176,银灰,奔驰,紧凑型
f0011771,f001177,黑,大众,MPV
f0011781,f001178,黑,宝马,SUV
f0011791,f001179,银灰,宝马,紧凑型
f0011801,f001180,白,比亚迪,SUV
f0011811,f001181,黑,大众,MPV
f0011821,f001182,红,大众,CDV
f0011831,f001183,黑,大众,SUV
f0011841,f001184,黑,比亚迪,MPV
f0011851,f001185,黑,比亚迪,MPV
f0011861,f001186,红,比亚迪,MPV
f0011871,f001187,黑,比亚迪,MPV
f0011881,f001188,银灰,奥迪,紧凑型
f0011891,f001189,红,奔驰,SUV
f0011901,f001190,黑,奥迪,SUV
f0011911,f001191,银灰,大众,紧凑型
f0011921,f001192,黑,大众,MPV
f0011931,f001193,黑,大众,MPV
f0011941,f001194,红,奔驰,MPV
f0011951,f001195,黑,大众,紧凑型
f0011961,f001196,黑,奔驰,SUV
f0011971,f001197,黑,奔驰,紧凑型
f0011981,f001198,红,比亚迪,紧凑型
f0011991,f001199,白,大众,MPV
f0012001,f001200,黑,宝马,SUV
f0012011,f001201,黑,大众,CDV
f0012021,f001202,黑,宝马,CDV
f0012031,f001203,黑,大众,MPV
f0012041,f001204,黑,大众,SUV
f0012051,f001205,白,大众,MPV
f0012061,f001206,黑,宝马,MPV
f0012071,f001207,黑,大众,紧凑型
f0012081,f001208,银灰,宝马,SUV
f0012091,f001209,黑,奥迪,MPV
f0012101,f001210,红,奔驰,CDV
f0012111,f001211,黑,比亚迪,CDV
f0012121,f001212,黑,奥迪,SUV
f0012131,f001213,黑,大众,紧凑型
f0012141,f001214,白,宝马,MPV
f0012151,f001215,银灰,奔驰,SUV
f0012161,f001216,银灰,比亚迪,MPV
f0012171,f001217,黑,大众,MPV
f0012181,f001218,黑,比亚迪,SUV
f0012191,f001219,黑,奥迪,SUV
f0012201,f001220,黑,奔驰,紧凑型
f0012211,f001221,银灰,宝马,SUV
f0012221,f001222,白,奔驰,SUV
f0012231,f001223,银灰,大众,MPV
f0012241,f001224,黑,宝马,SUV
f0012251,f001225,黑,大众,CDV
f0012261,f001226,黑,比亚迪,MPV
f0012271,f001227,银灰,比亚迪,SUV
f0012281,f001228,红,比亚迪,SUV
f0012291,f001229,黑,比亚迪,MPV
f0012301,f001230,黑,宝马,紧凑型
f0012311,f001231,银灰,比亚迪,SUV
f0012321,f001232,白,大众,MPV
f0012331,f001233,黑,比亚迪,MPV
f0012341,f001234,黑,奔驰,CDV
f0012351,f001235,黑,宝马,紧凑型
f0012361,f001236,白,大众,MPV
f0012371,f001237,黑,奥迪,紧凑型
f0012381,f001238,银灰,宝马,紧凑型
f0012391,f001239,黑,大众,紧凑型
f0012401,f001240,白,比亚迪,SUV
f0012411,f001241,银灰,大众,SUV
f0012421,f001242,黑,比亚迪,SUV
f0012431,f001243,红,宝马,SUV
f0012441,f001244,黑,比亚迪,紧凑型
f0012451,f001245,黑,比亚迪,紧凑型
f0012461,f001246,银灰,比亚迪,SUV
f0012471,f001247,黑,比亚迪,CDV
f0012481,f001248,黑,宝马,MPV
f0012491,f001249,黑,大众,紧凑型
f0012501,f001250,黑,奥迪,MPV
f0012511,f001251,红,宝马,MPV
f0012521,f001252,红,奔驰,SUV
f0012531,f001253,黑,奔驰,紧凑型
f0012541,f001254,黑,大众,MPV
f0012551,f001255,黑,宝马,SUV
f0012561,f001256,黑,比亚迪,SUV
f0012571,f001257,银灰,奔驰,紧凑型
f0012581,f001258,银灰,宝马,紧凑型
f0012591,f001259,黑,奥迪,紧凑型
f0012601,f001260,银灰,宝马,CDV
f0012611,f001261,银灰,奥迪,紧凑型
f0012621,f001262,黑,比亚迪,CDV
f0012631,f001263,银灰,比亚迪,MPV
f0012641,f001264,黑,奥迪,紧凑型
f0012651,f001265,红,宝马,紧凑型
f0012661,f001266,黑,比亚迪,MPV
f0012671,f001267,银灰,奔驰,紧凑型
f0012681,f001268,黑,比亚迪,紧凑型
f0012691,f001269,黑,宝马,SUV
f0012701,f001270,银灰,宝马,紧凑型
f0012711,f001271,银灰,宝马,MPV
f0012721,f001272,黑,奥迪,SUV
f0012731,f001273,银灰,宝马,SUV
f0012741,f001274,黑,奔驰,SUV
f0012751,f001275,白,大众,MPV
f0012761,f001276,黑,大众,紧凑型
f0012771,f001277,黑,奔驰,紧凑型
f0012781,f001278,白,大众,紧凑型
f0012791,f001279,黑,宝马,MPV
f0012801,f001280,黑,奔驰,SUV
f0012811,f001281,银灰,奔驰,MPV
f0012821,f001282,银灰,宝马,MPV
f0012831,f001283,银灰,大众,SUV
f0012841,f001284,黑,比亚迪,MPV
f0012851,f001285,红,大众,MPV
f0012861,f001286,黑,比亚迪,SUV
f0012871,f001287,白,宝马,MPV
f0012881,f001288,黑,奥迪,SUV
f0012891,f001289,黑,比亚迪,MPV
f0012901,f001290,黑,奥迪,MPV
f0012911,f001291,黑,大众,紧凑型
f0012921,f001292,银灰,奥迪,MPV
f0012931,f001293,黑,比亚迪,SUV
f0012941,f001294,黑,奔驰,CDV
f0012951,f001295,黑,比亚迪,SUV
f0012961,f001296,黑,奔驰,紧凑型
f0012971,f001297,黑,大众,SUV
f0012981,f001298,银灰,宝马,MPV
f0012991,f001299,银灰,比亚迪,MPV
f0013001,f001300,银灰,大众,SUV
f0020011,f002001,黑,比亚迪,紧凑型
f0020021,f002002,黑,大众,SUV
f0020031,f002003,黑,大众,MPV
f0020041,f002004,黑,比亚迪,MPV
f0020051,f002005,银灰,比亚迪,MPV
f0020061,f002006,银灰,大众,MPV
f0020071,f002007,银灰,宝马,SUV
f0020081,f002008,黑,宝马,SUV
f0020091,f002009,银灰,奔驰,CDV
f0020101,f002010,黑,宝马,MPV
f0020111,f002011,黑,宝马,MPV
f0020121,f002012,银灰,奥迪,MPV
f0020131,f002013,银灰,比亚迪,MPV
f0020141,f002014,白,宝马,SUV
f0020151,f002015,黑,比亚迪,紧凑型
f0020161,f002016,黑,宝马,CDV
f0020171,f002017,黑,比亚迪,MPV
f0020181,f002018,黑,大众,CDV
f0020191,f002019,银灰,大众,MPV
f0020201,f002020,黑,大众,MPV
f0020211,f002021,银灰,奥迪,紧凑型
f0020221,f002022,黑,奥迪,SUV
f0020231,f002023,黑,宝马,MPV
f0020241,f002024,银灰,大众,紧凑型
f0020251,f002025,黑,大众,MPV
f0020261,f002026,黑,奥迪,SUV
f0020271,f002027,银灰,宝马,CDV
f0020281,f002028,白,奔驰,MPV
f0020291,f002029,黑,比亚迪,SUV
f0020301,f002030,黑,比亚迪,MPV
f0020311,f002031,黑,宝马,MPV
f0020321,f002032,银灰,大众,紧凑型
f0020331,f002033,白,比亚迪,SUV
f0020341,f002034,银灰,比亚迪,MPV
f0020351,f002035,黑,奔驰,紧凑型
f0020361,f002036,银灰,宝马,CDV
f0020371,f002037,黑,大众,SUV
f0020381,f002038,黑,比亚迪,MPV
f0020391,f002039,黑,奔驰,紧凑型
f0020401,f002040,银灰,大众,SUV
f0020411,f002041,白,比亚迪,MPV
f0020421,f002042,黑,奔驰,MPV
f0020431,f002043,黑,大众,CDV
f0020441,f002044,黑,奥迪,紧凑型
f0020451,f002045,黑,大众,MPV
f0020461,f002046,银灰,比亚迪,SUV
f0020471,f002047,银灰,大众,MPV
f0020481,f002048,黑,比亚迪,MPV
f0020491,f002049,白,奔驰,MPV
f0020501,f002050,黑,宝马,SUV
f0020511,f002051,黑,宝马,紧凑型
f0020521,f002052,黑,奔驰,CDV
f0020531,f002053,黑,比亚迪,SUV
f0020541,f002054,黑,比亚迪,紧凑型
f0020551,f002055,黑,比亚迪,CDV
f0020561,f002056,黑,大众,CDV
f0020571,f002057,银灰,大众,SUV
f0020581,f002058,银灰,比亚迪,CDV
f0020591,f002059,黑,奥迪,SUV
f0020601,f002060,黑,比亚迪,紧凑型
f0020611,f002061,黑,奔驰,SUV
f0020621,f002062,银灰,宝马,CDV
f0020631,f002063,白,大众,紧凑型
f0020641,f002064,黑,比亚迪,SUV
f0020651,f002065,白,大众,紧凑型
f0020661,f002066,银灰,比亚迪,CDV
f0020671,f002067,黑,大众,MPV
f0020681,f002068,银灰,奔驰,MPV
f0020691,f002069,银灰,大众,MPV
f0020701,f002070,银灰,奔驰,紧凑型
f0020711,f002071,银灰,大众,MPV
f0020721,f002072,黑,比亚迪,SUV
f0020731,f002073,白,比亚迪,MPV
f0020741,f002074,银灰,宝马,MPV
f0020751,f002075,银灰,比亚迪,CDV
f0020761,f002076,银灰,宝马,MPV
f0020771,f002077,黑,大众,SUV
f0020781,f002078,黑,宝马,SUV
f0020791,f002079,黑,比亚迪,紧凑型
f0020801,f002080,黑,奔驰,SUV
f0020811,f002081,黑,大众,MPV
f0020821,f002082,黑,宝马,MPV
f0020831,f002083,黑,奔驰,SUV
f0020841,f002084,黑,比亚迪,SUV
f0020851,f002085,黑,奥迪,SUV
f0020861,f002086,黑,大众,紧凑型
f0020871,f002087,黑,比亚迪,CDV
f0020881,f002088,银灰,大众,紧凑型
f0020891,f002089,黑,大众,MPV
f0020901,f002090,黑,宝马,MPV
f0020911,f002091,黑,奔驰,SUV
f0020921,f002092,银灰,奔驰,紧凑型
f0020931,f002093,黑,奔驰,SUV
f0020941,f002094,黑,奔驰,SUV
f0020951,f002095,黑,比亚迪,MPV
f0020961,f002096,红,宝马,紧凑型
f0020971,f002097,红,大众,SUV
f0020981,f002098,黑,比亚迪,MPV
f0020991,f002099,黑,奔驰,SUV
f0021001,f002100,黑,比亚迪,SUV
f0021011,f002101,黑,大众,SUV
f0021021,f002102,银灰,大众,紧凑型
f0021031,f002103,黑,奥迪,MPV
f0021041,f002104,黑,宝马,CDV
f0021051,f002105,黑,奔驰,紧凑型
f0021061,f002106,银灰,大众,SUV
f0021071,f002107,黑,奔驰,MPV
f0021081,f002108,银灰,宝马,SUV
f0021091,f002109,银灰,宝马,MPV
f0021101,f002110,银灰,比亚迪,MPV
f0021111,f002111,银灰,奔驰,MPV
f0021121,f002112,银灰,奥迪,CDV
f0021131,f002113,银灰,大众,紧凑型
f0021141,f002114,银灰,比亚迪,MPV
f0021151,f002115,黑,奔驰,紧凑型
f0021161,f002116,黑,宝马,紧凑型
f0021171,f002117,黑,宝马,MPV
f0021181,f002118,黑,宝马,紧凑型
f0021191,f002119,黑,比亚迪,SUV
f0021201,f002120,银灰,奥迪,SUV
f0021211,f002121,黑,大众,MPV
f0021221,f002122,白,比亚迪,SUV
f0021231,f002123,红,比亚迪,SUV
f0021241,f002124,银灰,大众,紧凑型
f0021251,f002125,白,比亚迪,SUV
f0021261,f002126,白,奔驰,紧凑型
f0021271,f002127,黑,宝马,CDV
f0021281,f002128,银灰,宝马,SUV
f0021291,f002129,银灰,比亚迪,紧凑型
f0021301,f002130,黑,奔驰,SUV
f0021311,f002131,黑,大众,SUV
f0021321,f002132,银灰,宝马,紧凑型
f0021331,f002133,银灰,比亚迪,紧凑型
f0021341,f002134,银灰,宝马,SUV
f0021351,f002135,黑,奔驰,MPV
f0021361,f002136,黑,奥迪,MPV
f0021371,f002137,黑,奥迪,MPV
f0021381,f002138,黑,宝马,SUV
f0021391,f002139,黑,宝马,SUV
f0021401,f002140,黑,奔驰,SUV
f0021411,f002141,黑,奥迪,CDV
f0021421,f002142,黑,比亚迪,MPV
f0021431,f002143,白,奔驰,紧凑型
f0021441,f002144,黑,大众,CDV
f0021451,f002145,黑,奔驰,MPV
f0021461,f002146,黑,比亚迪,SUV
f0021471,f002147,银灰,大众,SUV
f0021481,f002148,黑,奔驰,CDV
f0021491,f002149,白,奔驰,MPV
f0021501,f002150,黑,奥迪,紧凑型
f0021511,f002151,银灰,奥迪,SUV
f0021521,f002152,白,大众,紧凑型
f0021531,f002153,黑,比亚迪,紧凑型
f0021541,f002154,黑,奔驰,MPV
f0021551,f002155,黑,大众,MPV
f0021561,f002156,黑,奔驰,紧凑型
f0021571,f002157,银灰,宝马,MPV
f0021581,f002158,银灰,奔驰,MPV
f0021591,f002159,红,大众,SUV
f0021601,f002160,黑,奥迪,SUV
f0021611,f002161,银灰,奥迪,紧凑型
f0021621,f002162,白,奥迪,CDV
f0021631,f002163,黑,宝马,MPV
f0021641,f002164,黑,奥迪,CDV
f0021651,f002165,白,奔驰,SUV
f0021661,f002166,白,大众,SUV
f0021671,f002167,银灰,奔驰,MPV
f0021681,f002168,黑,奔驰,MPV
f0021691,f002169,白,比亚迪,SUV
f0021701,f002170,黑,奔驰,SUV
f0021711,f002171,黑,大众,CDV
f0021721,f002172,黑,奔驰,SUV
f0021731,f002173,银灰,大众,MPV
f0021741,f002174,黑,奔驰,SUV
f0021751,f002175,银灰,比亚迪,紧凑型
f0021761,f002176,红,宝马,MPV
f0021771,f002177,黑,奔驰,MPV
f0021781,f002178,黑,奔驰,CDV
f0021791,f002179,银灰,比亚迪,SUV
f0021801,f002180,银灰,大众,紧凑型
f0021811,f002181,黑,宝马,MPV
f0021821,f002182,黑,大众,MPV
f0021831,f002183,黑,比亚迪,MPV
f0021841,f002184,黑,奥迪,SUV
f0021851,f002185,黑,大众,MPV
f0021861,f002186,黑,奔驰,SUV
f0021871,f002187,黑,比亚迪,SUV
f0021881,f002188,黑,大众,紧凑型
f0021891,f002189,黑,大众,紧凑型
f0021901,f002190,银灰,比亚迪,CDV
f0021911,f002191,黑,大众,MPV
f0021921,f002192,黑,奔驰,紧凑型
f0021931,f002193,银灰,宝马,CDV
f0021941,f002194,银灰,比亚迪,CDV
f0021951,f002195,黑,大众,SUV
f0021961,f002196,黑,比亚迪,MPV
f0021971,f002197,黑,比亚迪,SUV
f0021981,f002198,黑,宝马,紧凑型
f0021991,f002199,黑,宝马,紧凑型
f0022001,f002200,黑,奔驰,MPV
f0022011,f002201,黑,奔驰,紧凑型
f0022021,f002202,银灰,比亚迪,紧凑型
f0022031,f002203,黑,宝马,SUV
f0022041,f002204,黑,奔驰,紧凑型
f0022051,f002205,黑,宝马,SUV
f0022061,f002206,黑,大众,MPV
f0022071,f002207,白,比亚迪,MPV
f0022081,f002208,黑,奥迪,MPV
f0022091,f002209,红,大众,SUV
f0022101,f002210,黑,奥迪,紧凑型
f0022111,f002211,黑,宝马,紧凑型
f0022121,f002212,黑,大众,紧凑型
f0022131,f002213,黑,奔驰,紧凑型
f0022141,f002214,黑,宝马,MPV
f0022151,f002215,黑,比亚迪,紧凑型
f0022161,f002216,黑,宝马,SUV
f0022171,f002217,黑,宝马,紧凑型
f0022181,f002218,银灰,比亚迪,CDV
f0022191,f002219,银灰,大众,MPV
f0022201,f002220,银灰,奔驰,CDV
f0022211,f002221,银灰,奔驰,SUV
f0022221,f002222,黑,宝马,CDV
f0022231,f002223,红,比亚迪,紧凑型
f0022241,f002224,黑,比亚迪,紧凑型
f0022251,f002225,银灰,比亚迪,紧凑型
f0022261,f002226,银灰,宝马,MPV
f0022271,f002227,黑,比亚迪,SUV
f0022281,f002228,黑,大众,SUV
f0022291,f002229,银灰,宝马,SUV
f0022301,f002230,黑,大众,SUV
f0022311,f002231,银灰,比亚迪,紧凑型
f0022321,f002232,黑,比亚迪,紧凑型
f0022331,f002233,黑,大众,MPV
f0022341,f002234,黑,大众,紧凑型
f0022351,f002235,黑,奥迪,紧凑型
f0022361,f002236,黑,比亚迪,SUV
f0022371,f002237,黑,奥迪,MPV
f0022381,f002238,黑,宝马,紧凑型
f0022391,f002239,白,大众,SUV
f0022401,f002240,黑,奔驰,SUV
f0022411,f002241,银灰,宝马,MPV
f0022421,f002242,红,大众,SUV
f0022431,f002243,白,奔驰,SUV
f0022441,f002244,黑,奔驰,MPV
f0022451,f002245,白,大众,CDV
f0022461,f002246,黑,奔驰,CDV
f0022471,f002247,黑,奥迪,SUV
f0022481,f002248,银灰,比亚迪,紧凑型
f0022491,f002249,黑,宝马,MPV
f0022501,f002250,银灰,比亚迪,CDV
f0022511,f002251,黑,奥迪,CDV
f0022521,f002252,银灰,比亚迪,MPV
f0022531,f002253,银灰,奥迪,MPV
f0022541,f002254,银灰,比亚迪,MPV
f0022551,f002255,黑,大众,CDV
f0022561,f002256,黑,奔驰,MPV
f0022571,f002257,黑,大众,MPV
f0022581,f002258,黑,大众,CDV
f0022591,f002259,银灰,大众,MPV
f0022601,f002260,黑,比亚迪,SUV
f0022611,f002261,黑,宝马,SUV
f0022621,f002262,白,大众,紧凑型
f0022631,f002263,黑,宝马,SUV
f0022641,f002264,黑,奔驰,MPV
f0022651,f002265,白,宝马,SUV
f0022661,f002266,银灰,奔驰,CDV
f0022671,f002267,黑,比亚迪,SUV
f0022681,f002268,红,比亚迪,紧凑型
f0022691,f002269,黑,奔驰,MPV
f0022701,f002270,黑,大众,紧凑型
f0022711,f002271,黑,宝马,紧凑型
f0022721,f002272,银灰,奔驰,SUV
f0022731,f002273,黑,比亚迪,紧凑型
f0022741,f002274,黑,奥迪,MPV
f0022751,f002275,银灰,奔驰,MPV
f0022761,f002276,白,比亚迪,SUV
f0022771,f002277,银灰,奥迪,紧凑型
f0022781,f002278,黑,大众,CDV
f0022791,f002279,红,奥迪,SUV
f0022801,f002280,银灰,大众,MPV
