-- MySQL dump 10.13  Distrib 8.0.22, for Win64 (x86_64)
--
-- Host: 127.0.0.1    Database: ssh_crud
-- ------------------------------------------------------
-- Server version	8.0.22

/*!40101 SET @OLD_CHARACTER_SET_CLIENT=@@CHARACTER_SET_CLIENT */;
/*!40101 SET @OLD_CHARACTER_SET_RESULTS=@@CHARACTER_SET_RESULTS */;
/*!40101 SET @OLD_COLLATION_CONNECTION=@@COLLATION_CONNECTION */;
/*!50503 SET NAMES utf8mb4 */;
/*!40103 SET @OLD_TIME_ZONE=@@TIME_ZONE */;
/*!40103 SET TIME_ZONE='+00:00' */;
/*!40014 SET @OLD_UNIQUE_CHECKS=@@UNIQUE_CHECKS, UNIQUE_CHECKS=0 */;
/*!40014 SET @OLD_FOREIGN_KEY_CHECKS=@@FOREIGN_KEY_CHECKS, FOREIGN_KEY_CHECKS=0 */;
/*!40101 SET @OLD_SQL_MODE=@@SQL_MODE, SQL_MODE='NO_AUTO_VALUE_ON_ZERO' */;
/*!40111 SET @OLD_SQL_NOTES=@@SQL_NOTES, SQL_NOTES=0 */;

--
-- Table structure for table `admin`
--

DROP TABLE IF EXISTS `admin`;
/*!40101 SET @saved_cs_client     = @@character_set_client */;
/*!50503 SET character_set_client = utf8mb4 */;
CREATE TABLE `admin` (
  `id` varchar(20) NOT NULL,
  `password` varchar(20) DEFAULT '123456',
  PRIMARY KEY (`id`)
) ENGINE=InnoDB DEFAULT CHARSET=utf8mb4 COLLATE=utf8mb4_0900_ai_ci;
/*!40101 SET character_set_client = @saved_cs_client */;

--
-- Dumping data for table `admin`
--

LOCK TABLES `admin` WRITE;
/*!40000 ALTER TABLE `admin` DISABLE KEYS */;
INSERT INTO `admin` VALUES ('admin1','123456');
/*!40000 ALTER TABLE `admin` ENABLE KEYS */;
UNLOCK TABLES;

--
-- Table structure for table `bill`
--

DROP TABLE IF EXISTS `bill`;
/*!40101 SET @saved_cs_client     = @@character_set_client */;
/*!50503 SET character_set_client = utf8mb4 */;
CREATE TABLE `bill` (
  `c_id` varchar(20) NOT NULL,
  `f_id` varchar(20) NOT NULL,
  `date` datetime NOT NULL,
  `money` float DEFAULT '0',
  PRIMARY KEY (`c_id`,`f_id`),
  KEY `f_id` (`f_id`),
  CONSTRAINT `bill_ibfk_1` FOREIGN KEY (`c_id`) REFERENCES `cost` (`id`),
  CONSTRAINT `bill_ibfk_2` FOREIGN KEY (`f_id`) REFERENCES `family` (`id`)
) ENGINE=InnoDB DEFAULT CHARSET=utf8mb4 COLLATE=utf8mb4_0900_ai_ci;
/*!40101 SET character_set_client = @saved_cs_client */;

--
-- Dumping data for table `bill`
--

LOCK TABLES `bill` WRITE;
/*!40000 ALTER TABLE `bill` DISABLE KEYS */;
/*!40000 ALTER TABLE `bill` ENABLE KEYS */;
UNLOCK TABLES;

--
-- Table structure for table `building`
--

DROP TABLE IF EXISTS `building`;
/*!40101 SET @saved_cs_client     = @@character_set_client */;
/*!50503 SET character_set_client = utf8mb4 */;
CREATE TABLE `building` (
  `id` varchar(20) NOT NULL,
  `h_e_id` varchar(20) NOT NULL,
  `b_adress` varchar(20) NOT NULL,
  `b_family` int DEFAULT '0',
  `floor` int DEFAULT '0',
  `unit` int DEFAULT '0',
  `room` int DEFAULT '0',
  PRIMARY KEY (`id`),
  KEY `h_e_id` (`h_e_id`),
  CONSTRAINT `building_ibfk_1` FOREIGN KEY (`h_e_id`) REFERENCES `housing_estate` (`id`)
) ENGINE=InnoDB DEFAULT CHARSET=utf8mb4 COLLATE=utf8mb4_0900_ai_ci;
/*!40101 SET character_set_client = @saved_cs_client */;

--
-- Dumping data for table `building`
--

LOCK TABLES `building` WRITE;
/*!40000 ALTER TABLE `building` DISABLE KEYS */;
INSERT INTO `building` VALUES ('b00101','001','A栋',38,9,3,54),('b00102','001','B栋',38,9,3,54),('b00103','001','C栋',38,9,3,54),('b00104','001','D栋',38,9,3,54),('b00105','001','E栋',37,9,3,54),('b00106','001','F栋',37,9,3,54),('b00107','001','G栋',37,9,3,54),('b00108','001','H栋',37,9,3,54),('b00201','002','A栋',47,12,2,48),('b00202','002','B栋',47,12,2,48),('b00203','002','C栋',47,12,2,48),('b00204','002','D栋',47,12,2,48),('b00205','002','E栋',46,12,2,48),('b00206','002','F栋',46,12,2,48);
/*!40000 ALTER TABLE `building` ENABLE KEYS */;
UNLOCK TABLES;

--
-- Table structure for table `car`
--

DROP TABLE IF EXISTS `car`;
/*!40101 SET @saved_cs_client     = @@character_set_client */;
/*!50503 SET character_set_client = utf8mb4 */;
CREATE TABLE `car` (
  `id` varchar(20) NOT NULL,
  `f_id` varchar(20) NOT NULL,
  `color` varchar(20) NOT NULL,
  `brand` varchar(20) NOT NULL,
  `model` varchar(20) DEFAULT NULL,
  PRIMARY KEY (`id`),
  KEY `f_id` (`f_id`),
  CONSTRAINT `car_ibfk_1` FOREIGN KEY (`f_id`) REFERENCES `family` (`id`)
) ENGINE=InnoDB DEFAULT CHARSET=utf8mb4 COLLATE=utf8mb4_0900_ai_ci;
/*!40101 SET character_set_client = @saved_cs_client */;

--
-- Dumping data for table `car`
--

LOCK TABLES `car` WRITE;
/*!40000 ALTER TABLE `car` DISABLE KEYS */;
/*!40000 ALTER TABLE `car` ENABLE KEYS */;
UNLOCK TABLES;

--
-- Table structure for table `cost`
--

DROP TABLE IF EXISTS `cost`;
/*!40101 SET @saved_cs_client     = @@character_set_client */;
/*!50503 SET character_set_client = utf8mb4 */;
CREATE TABLE `cost` (
  `id` varchar(20) NOT NULL,
  `f_id` varchar(20) NOT NULL,
  `s_date` datetime DEFAULT '2000-01-01 00:00:00',
  `e_date` datetime DEFAULT NULL,
  `money` float DEFAULT '0',
  PRIMARY KEY (`id`),
  KEY `f_id` (`f_id`),
  CONSTRAINT `cost_ibfk_1` FOREIGN KEY (`f_id`) REFERENCES `family` (`id`)
) ENGINE=InnoDB DEFAULT CHARSET=utf8mb4 COLLATE=utf8mb4_0900_ai_ci;
/*!40101 SET character_set_client = @saved_cs_client */;

--
-- Dumping data for table `cost`
--

LOCK TABLES `cost` WRITE;
/*!40000 ALTER TABLE `cost` DISABLE KEYS */;
/*!40000 ALTER TABLE `cost` ENABLE KEYS */;
UNLOCK TABLES;

--
-- Table structure for table `family`
--

DROP TABLE IF EXISTS `family`;
/*!40101 SET @saved_cs_client     = @@character_set_client */;
/*!50503 SET character_set_client = utf8mb4 */;
CREATE TABLE `family` (
  `id` varchar(20) NOT NULL,
  `h_e_id` varchar(20) NOT NULL,
  `family_number` varchar(20) NOT NULL,
  `parking` int DEFAULT '0',
  `pet` int DEFAULT '0',
  `people` int DEFAULT '0',
  `car` int DEFAULT '0',
  PRIMARY KEY (`id`),
  KEY `h_e_id` (`h_e_id`),
  CONSTRAINT `family_ibfk_1` FOREIGN KEY (`h_e_id`) REFERENCES `housing_estate` (`id`)
) ENGINE=InnoDB DEFAULT CHARSET=utf8mb4 COLLATE=utf8mb4_0900_ai_ci;
/*!40101 SET character_set_client = @saved_cs_client */;

--
-- Dumping data for table `family`
--

LOCK TABLES `family` WRITE;
/*!40000 ALTER TABLE `family` DISABLE KEYS */;
INSERT INTO `family` VALUES ('f0010001','001','A栋1011',0,0,4,1),('f0010002','001','A栋1012',1,0,3,0),('f0010003','001','A栋1021',1,1,8,1),('f0010004','001','A栋1022',0,1,7,0),('f0010005','001','A栋1031',1,1,8,1),('f0010006','001','A栋1032',1,1,8,0),('f0010007','001','A栋1041',0,1,6,1),('f0010008','001','A栋1042',0,1,7,0),('f0010009','001','A栋1051',1,0,5,0),('f0010010','001','A栋1052',0,0,1,0),('f0010011','001','A栋1061',0,0,8,1),('f0010012','001','A栋1062',1,1,6,0),('f0010013','001','A栋1071',0,2,4,1),('f0010014','001','A栋1072',1,0,2,0),('f0010015','001','A栋1081',0,1,6,1),('f0010016','001','A栋1082',0,1,4,1),('f0010017','001','A栋1091',0,2,8,1),('f0010018','001','A栋1092',0,1,7,0),('f0010019','001','A栋2011',0,0,3,1),('f0010020','001','A栋2012',1,1,3,1),('f0010021','001','A栋2021',0,1,5,0),('f0010022','001','A栋2022',0,1,5,0),('f0010023','001','A栋2031',1,0,4,0),('f0010024','001','A栋2032',1,0,1,0),('f0010025','001','A栋2041',0,1,8,0),('f0010026','001','A栋2042',1,0,1,0),('f0010027','001','A栋2051',1,2,1,0),('f0010028','001','A栋2052',1,0,8,1),('f0010029','001','A栋2061',1,0,6,1),('f0010030','001','A栋2062',0,1,7,1),('f0010031','001','A栋2071',1,0,5,1),('f0010032','001','A栋2072',1,2,7,0),('f0010033','001','A栋2081',0,1,1,0),('f0010034','001','A栋2082',0,0,4,0),('f0010035','001','A栋2091',0,1,5,0),('f0010036','001','A栋2092',1,0,3,0),('f0010037','001','A栋3011',1,1,3,0),('f0010038','001','A栋3012',1,1,8,1),('f0010039','001','B栋1011',0,2,5,1),('f0010040','001','B栋1012',1,2,6,1),('f0010041','001','B栋1021',0,2,6,1),('f0010042','001','B栋1022',0,2,8,0),('f0010043','001','B栋1031',0,1,5,1),('f0010044','001','B栋1032',0,2,1,1),('f0010045','001','B栋1041',0,2,7,0),('f0010046','001','B栋1042',1,2,2,0),('f0010047','001','B栋1051',0,0,2,1),('f0010048','001','B栋1052',1,2,5,1),('f0010049','001','B栋1061',1,1,2,1),('f0010050','001','B栋1062',1,1,1,1),('f0010051','001','B栋1071',1,2,1,1),('f0010052','001','B栋1072',0,1,2,0),('f0010053','001','B栋1081',1,0,1,1),('f0010054','001','B栋1082',0,1,7,0),('f0010055','001','B栋1091',1,0,8,1),('f0010056','001','B栋1092',0,1,8,1),('f0010057','001','B栋2011',1,0,6,1),('f0010058','001','B栋2012',0,0,1,1),('f0010059','001','B栋2021',1,0,4,0),('f0010060','001','B栋2022',0,0,7,0),('f0010061','001','B栋2031',0,0,4,1),('f0010062','001','B栋2032',1,2,7,0),('f0010063','001','B栋2041',1,1,3,0),('f0010064','001','B栋2042',0,2,7,0),('f0010065','001','B栋2051',1,2,1,0),('f0010066','001','B栋2052',0,0,8,1),('f0010067','001','B栋2061',0,1,4,1),('f0010068','001','B栋2062',0,0,5,1),('f0010069','001','B栋2071',1,2,2,1),('f0010070','001','B栋2072',1,1,8,0),('f0010071','001','B栋2081',0,2,4,0),('f0010072','001','B栋2082',0,1,8,1),('f0010073','001','B栋2091',0,1,1,0),('f0010074','001','B栋2092',0,1,7,0),('f0010075','001','B栋3011',0,2,2,1),('f0010076','001','B栋3012',0,0,4,0),('f0010077','001','C栋1011',1,1,5,0),('f0010078','001','C栋1012',0,2,2,0),('f0010079','001','C栋1021',1,2,8,1),('f0010080','001','C栋1022',0,1,3,0),('f0010081','001','C栋1031',1,0,3,1),('f0010082','001','C栋1032',1,0,5,1),('f0010083','001','C栋1041',1,1,4,0),('f0010084','001','C栋1042',0,2,5,0),('f0010085','001','C栋1051',0,0,5,1),('f0010086','001','C栋1052',1,2,2,1),('f0010087','001','C栋1061',1,0,7,0),('f0010088','001','C栋1062',1,2,5,0),('f0010089','001','C栋1071',1,2,1,0),('f0010090','001','C栋1072',0,1,2,0),('f0010091','001','C栋1081',1,1,8,0),('f0010092','001','C栋1082',0,1,4,0),('f0010093','001','C栋1091',1,2,7,0),('f0010094','001','C栋1092',0,0,6,0),('f0010095','001','C栋2011',0,2,4,0),('f0010096','001','C栋2012',1,0,3,0),('f0010097','001','C栋2021',0,0,2,1),('f0010098','001','C栋2022',1,2,7,1),('f0010099','001','C栋2031',1,1,1,0),('f0010100','001','C栋2032',1,0,7,0),('f0010101','001','C栋2041',0,1,8,1),('f0010102','001','C栋2042',0,2,8,1),('f0010103','001','C栋2051',0,1,7,1),('f0010104','001','C栋2052',1,2,1,1),('f0010105','001','C栋2061',0,2,5,1),('f0010106','001','C栋2062',1,2,8,1),('f0010107','001','C栋2071',0,0,2,0),('f0010108','001','C栋2072',0,1,3,0),('f0010109','001','C栋2081',1,1,6,0),('f0010110','001','C栋2082',1,2,5,1),('f0010111','001','C栋2091',1,2,3,0),('f0010112','001','C栋2092',1,2,2,1),('f0010113','001','C栋3011',1,1,1,1),('f0010114','001','C栋3012',1,2,7,1),('f0010115','001','D栋1011',1,0,4,0),('f0010116','001','D栋1012',1,2,4,0),('f0010117','001','D栋1021',0,2,3,1),('f0010118','001','D栋1022',0,2,1,0),('f0010119','001','D栋1031',0,2,6,1),('f0010120','001','D栋1032',1,2,3,1),('f0010121','001','D栋1041',0,1,1,1),('f0010122','001','D栋1042',1,1,3,0),('f0010123','001','D栋1051',0,0,2,0),('f0010124','001','D栋1052',0,2,8,0),('f0010125','001','D栋1061',0,1,1,0),('f0010126','001','D栋1062',1,2,8,1),('f0010127','001','D栋1071',1,2,1,0),('f0010128','001','D栋1072',0,2,1,0),('f0010129','001','D栋1081',1,0,7,0),('f0010130','001','D栋1082',1,0,6,0),('f0010131','001','D栋1091',1,2,3,0),('f0010132','001','D栋1092',0,2,5,1),('f0010133','001','D栋2011',1,0,4,0),('f0010134','001','D栋2012',1,0,7,1),('f0010135','001','D栋2021',0,0,4,0),('f0010136','001','D栋2022',1,0,6,0),('f0010137','001','D栋2031',0,2,8,0),('f0010138','001','D栋2032',1,1,8,1),('f0010139','001','D栋2041',1,2,7,1),('f0010140','001','D栋2042',1,1,2,0),('f0010141','001','D栋2051',1,0,5,0),('f0010142','001','D栋2052',1,2,8,1),('f0010143','001','D栋2061',1,1,6,0),('f0010144','001','D栋2062',0,0,1,1),('f0010145','001','D栋2071',1,2,6,1),('f0010146','001','D栋2072',1,2,3,1),('f0010147','001','D栋2081',0,2,7,1),('f0010148','001','D栋2082',1,1,3,0),('f0010149','001','D栋2091',0,2,5,1),('f0010150','001','D栋2092',0,2,1,1),('f0010151','001','D栋3011',0,0,6,0),('f0010152','001','D栋3012',1,1,1,1),('f0010153','001','E栋1011',1,0,6,0),('f0010154','001','E栋1012',1,2,1,1),('f0010155','001','E栋1021',0,1,7,1),('f0010156','001','E栋1022',0,0,8,0),('f0010157','001','E栋1031',0,2,5,0),('f0010158','001','E栋1032',1,2,2,0),('f0010159','001','E栋1041',0,0,7,1),('f0010160','001','E栋1042',0,2,7,1),('f0010161','001','E栋1051',0,1,1,1),('f0010162','001','E栋1052',0,1,8,0),('f0010163','001','E栋1061',0,1,1,1),('f0010164','001','E栋1062',1,2,1,0),('f0010165','001','E栋1071',0,2,4,1),('f0010166','001','E栋1072',0,1,5,1),('f0010167','001','E栋1081',0,1,7,0),('f0010168','001','E栋1082',1,1,6,1),('f0010169','001','E栋1091',0,1,3,1),('f0010170','001','E栋1092',0,2,8,1),('f0010171','001','E栋2011',0,0,6,1),('f0010172','001','E栋2012',0,0,3,0),('f0010173','001','E栋2021',1,1,7,1),('f0010174','001','E栋2022',0,0,8,1),('f0010175','001','E栋2031',1,0,4,1),('f0010176','001','E栋2032',1,2,6,0),('f0010177','001','E栋2041',1,2,1,1),('f0010178','001','E栋2042',1,0,6,0),('f0010179','001','E栋2051',1,2,7,0),('f0010180','001','E栋2052',0,2,7,1),('f0010181','001','E栋2061',0,0,5,1),('f0010182','001','E栋2062',1,1,8,1),('f0010183','001','E栋2071',1,1,7,0),('f0010184','001','E栋2072',1,2,1,0),('f0010185','001','E栋2081',0,2,4,1),('f0010186','001','E栋2082',0,2,1,1),('f0010187','001','E栋2091',0,1,5,0),('f0010188','001','E栋2092',0,1,8,1),('f0010189','001','E栋3011',1,1,8,1),('f0010190','001','F栋1011',0,1,7,1),('f0010191','001','F栋1012',0,0,5,0),('f0010192','001','F栋1021',0,2,3,0),('f0010193','001','F栋1022',0,2,8,1),('f0010194','001','F栋1031',0,0,4,0),('f0010195','001','F栋1032',0,0,7,0),('f0010196','001','F栋1041',0,2,7,0),('f0010197','001','F栋1042',1,2,8,0),('f0010198','001','F栋1051',0,0,1,0),('f0010199','001','F栋1052',0,0,4,1),('f0010200','001','F栋1061',1,1,6,0),('f0010201','001','F栋1062',1,0,2,1),('f0010202','001','F栋1071',0,0,3,0),('f0010203','001','F栋1072',1,1,6,1),('f0010204','001','F栋1081',0,1,3,1),('f0010205','001','F栋1082',0,0,4,1),('f0010206','001','F栋1091',0,1,7,1),('f0010207','001','F栋1092',0,1,2,0),('f0010208','001','F栋2011',0,1,8,1),('f0010209','001','F栋2012',0,2,3,1),('f0010210','001','F栋2021',0,0,3,0),('f0010211','001','F栋2022',1,1,3,1),('f0010212','001','F栋2031',0,2,8,1),('f0010213','001','F栋2032',0,2,5,0),('f0010214','001','F栋2041',0,2,3,0),('f0010215','001','F栋2042',0,0,6,0),('f0010216','001','F栋2051',0,0,6,0),('f0010217','001','F栋2052',1,0,3,0),('f0010218','001','F栋2061',1,1,4,0),('f0010219','001','F栋2062',1,2,7,0),('f0010220','001','F栋2071',0,0,1,1),('f0010221','001','F栋2072',1,2,7,1),('f0010222','001','F栋2081',0,0,7,1),('f0010223','001','F栋2082',0,1,6,1),('f0010224','001','F栋2091',1,0,4,1),('f0010225','001','F栋2092',0,1,5,0),('f0010226','001','F栋3011',1,0,4,0),('f0010227','001','G栋1011',0,2,7,0),('f0010228','001','G栋1012',1,0,8,0),('f0010229','001','G栋1021',1,1,6,1),('f0010230','001','G栋1022',1,0,6,1),('f0010231','001','G栋1031',0,1,4,1),('f0010232','001','G栋1032',0,0,3,0),('f0010233','001','G栋1041',1,0,6,0),('f0010234','001','G栋1042',1,2,5,0),('f0010235','001','G栋1051',0,2,1,1),('f0010236','001','G栋1052',0,2,1,1),('f0010237','001','G栋1061',0,0,3,0),('f0010238','001','G栋1062',0,0,8,1),('f0010239','001','G栋1071',0,1,8,1),('f0010240','001','G栋1072',0,0,5,1),('f0010241','001','G栋1081',1,1,4,0),('f0010242','001','G栋1082',0,2,3,0),('f0010243','001','G栋1091',1,1,5,0),('f0010244','001','G栋1092',0,2,8,1),('f0010245','001','G栋2011',1,1,1,1),('f0010246','001','G栋2012',1,0,4,1),('f0010247','001','G栋2021',0,0,8,1),('f0010248','001','G栋2022',0,1,4,1),('f0010249','001','G栋2031',1,2,1,1),('f0010250','001','G栋2032',1,2,7,0),('f0010251','001','G栋2041',1,2,6,0),('f0010252','001','G栋2042',0,2,6,1),('f0010253','001','G栋2051',1,1,5,1),('f0010254','001','G栋2052',0,2,6,1),('f0010255','001','G栋2061',1,0,5,0),('f0010256','001','G栋2062',0,0,8,0),('f0010257','001','G栋2071',1,2,3,0),('f0010258','001','G栋2072',1,0,5,0),('f0010259','001','G栋2081',1,0,1,0),('f0010260','001','G栋2082',1,1,2,1),('f0010261','001','G栋2091',1,1,1,1),('f0010262','001','G栋2092',1,1,5,0),('f0010263','001','G栋3011',1,0,7,1),('f0010264','001','H栋1011',1,2,4,1),('f0010265','001','H栋1012',0,1,6,0),('f0010266','001','H栋1021',0,1,1,1),('f0010267','001','H栋1022',1,2,5,0),('f0010268','001','H栋1031',0,1,2,1),('f0010269','001','H栋1032',1,0,4,1),('f0010270','001','H栋1041',1,1,3,0),('f0010271','001','H栋1042',1,1,4,0),('f0010272','001','H栋1051',0,0,1,0),('f0010273','001','H栋1052',1,1,8,1),('f0010274','001','H栋1061',1,1,6,1),('f0010275','001','H栋1062',1,2,1,0),('f0010276','001','H栋1071',1,0,1,1),('f0010277','001','H栋1072',1,2,7,1),('f0010278','001','H栋1081',0,2,4,0),('f0010279','001','H栋1082',0,2,3,1),('f0010280','001','H栋1091',0,0,3,0),('f0010281','001','H栋1092',1,1,4,1),('f0010282','001','H栋2011',1,2,3,1),('f0010283','001','H栋2012',0,1,2,0),('f0010284','001','H栋2021',1,2,1,0),('f0010285','001','H栋2022',1,2,6,0),('f0010286','001','H栋2031',0,1,2,1),('f0010287','001','H栋2032',1,1,2,1),('f0010288','001','H栋2041',1,0,1,1),('f0010289','001','H栋2042',1,1,5,0),('f0010290','001','H栋2051',0,0,6,0),('f0010291','001','H栋2052',0,2,1,0),('f0010292','001','H栋2061',1,1,5,0),('f0010293','001','H栋2062',1,2,3,1),('f0010294','001','H栋2071',0,1,1,1),('f0010295','001','H栋2072',0,1,3,1),('f0010296','001','H栋2081',1,0,6,0),('f0010297','001','H栋2082',0,2,8,0),('f0010298','001','H栋2091',0,2,1,0),('f0010299','001','H栋2092',0,1,1,0),('f0010300','001','H栋3011',0,1,2,1),('f002001','002','A栋1011',1,1,5,1),('f002002','002','A栋1012',0,2,4,0),('f002003','002','A栋1021',1,1,6,0),('f002004','002','A栋1022',1,2,5,1),('f002005','002','A栋1031',0,2,6,0),('f002006','002','A栋1032',1,0,6,1),('f002007','002','A栋1041',1,1,6,1),('f002008','002','A栋1042',0,1,2,1),('f002009','002','A栋1051',0,0,7,1),('f002010','002','A栋1052',0,0,7,0),('f002011','002','A栋1061',0,2,5,1),('f002012','002','A栋1062',1,1,8,1),('f002013','002','A栋1071',0,1,6,0),('f002014','002','A栋1072',0,0,4,1),('f002015','002','A栋1081',0,0,5,1),('f002016','002','A栋1082',0,1,8,0),('f002017','002','A栋1091',1,2,6,1),('f002018','002','A栋1092',1,1,4,0),('f002019','002','A栋1101',1,0,4,1),('f002020','002','A栋1102',1,2,2,1),('f002021','002','A栋1111',1,1,4,0),('f002022','002','A栋1112',1,0,7,0),('f002023','002','A栋1121',0,0,5,1),('f002024','002','A栋1122',0,2,1,1),('f002025','002','A栋2011',0,0,3,1),('f002026','002','A栋2012',1,1,1,1),('f002027','002','A栋2021',1,0,6,0),('f002028','002','A栋2022',1,2,7,0),('f002029','002','A栋2031',1,2,6,1),('f002030','002','A栋2032',0,0,7,0),('f002031','002','A栋2041',0,2,8,0),('f002032','002','A栋2042',1,1,8,1),('f002033','002','A栋2051',0,2,6,1),('f002034','002','A栋2052',0,2,1,0),('f002035','002','A栋2061',0,0,2,1),('f002036','002','A栋2062',0,2,1,0),('f002037','002','A栋2071',1,0,3,0),('f002038','002','A栋2072',0,2,5,0),('f002039','002','A栋2081',0,1,7,0),('f002040','002','A栋2082',1,2,6,0),('f002041','002','A栋2091',1,2,5,0),('f002042','002','A栋2092',1,0,2,1),('f002043','002','A栋2101',0,2,1,0),('f002044','002','A栋2102',1,2,5,1),('f002045','002','A栋2111',0,2,1,0),('f002046','002','A栋2112',1,2,3,1),('f002047','002','A栋2121',0,1,8,1),('f002048','002','B栋1011',1,2,2,1),('f002049','002','B栋1012',0,0,6,1),('f002050','002','B栋1021',0,0,4,1),('f002051','002','B栋1022',1,1,2,0),('f002052','002','B栋1031',1,1,2,1),('f002053','002','B栋1032',0,1,5,0),('f002054','002','B栋1041',1,1,8,0),('f002055','002','B栋1042',1,0,6,0),('f002056','002','B栋1051',1,2,3,0),('f002057','002','B栋1052',1,2,8,0),('f002058','002','B栋1061',0,2,8,1),('f002059','002','B栋1062',0,0,6,1),('f002060','002','B栋1071',1,0,5,1),('f002061','002','B栋1072',0,0,1,0),('f002062','002','B栋1081',1,1,5,0),('f002063','002','B栋1082',0,0,8,1),('f002064','002','B栋1091',1,1,7,0),('f002065','002','B栋1092',0,0,8,1),('f002066','002','B栋1101',0,0,6,0),('f002067','002','B栋1102',1,2,6,1),('f002068','002','B栋1111',0,2,1,1),('f002069','002','B栋1112',1,2,8,1),('f002070','002','B栋1121',0,1,2,0),('f002071','002','B栋1122',1,1,5,0),('f002072','002','B栋2011',1,2,2,1),('f002073','002','B栋2012',0,1,7,1),('f002074','002','B栋2021',1,1,2,0),('f002075','002','B栋2022',0,1,6,1),('f002076','002','B栋2031',1,0,7,0),('f002077','002','B栋2032',1,1,5,0),('f002078','002','B栋2041',0,1,7,0),('f002079','002','B栋2042',1,2,6,1),('f002080','002','B栋2051',1,2,4,0),('f002081','002','B栋2052',0,0,3,1),('f002082','002','B栋2061',1,1,8,1),('f002083','002','B栋2062',0,0,8,0),('f002084','002','B栋2071',0,1,5,1),('f002085','002','B栋2072',1,0,7,0),('f002086','002','B栋2081',0,2,1,1),('f002087','002','B栋2082',1,2,1,0),('f002088','002','B栋2091',1,2,5,0),('f002089','002','B栋2092',1,2,3,1),('f002090','002','B栋2101',1,0,7,1),('f002091','002','B栋2102',0,1,2,0),('f002092','002','B栋2111',1,1,6,0),('f002093','002','B栋2112',0,1,7,1),('f002094','002','B栋2121',0,1,1,0),('f002095','002','C栋1011',0,1,8,0),('f002096','002','C栋1012',1,2,1,1),('f002097','002','C栋1021',0,1,5,1),('f002098','002','C栋1022',1,1,3,0),('f002099','002','C栋1031',1,0,7,0),('f002100','002','C栋1032',0,2,6,0),('f002101','002','C栋1041',0,1,6,0),('f002102','002','C栋1042',1,0,2,0),('f002103','002','C栋1051',1,0,2,0),('f002104','002','C栋1052',0,0,4,1),('f002105','002','C栋1061',1,0,5,1),('f002106','002','C栋1062',0,0,8,0),('f002107','002','C栋1071',0,0,1,1),('f002108','002','C栋1072',1,2,2,0),('f002109','002','C栋1081',0,0,6,1),('f002110','002','C栋1082',0,2,3,1),('f002111','002','C栋1091',0,0,5,1),('f002112','002','C栋1092',1,0,4,1),('f002113','002','C栋1101',0,0,7,0),('f002114','002','C栋1102',0,0,2,1),('f002115','002','C栋1111',0,0,7,1),('f002116','002','C栋1112',1,0,1,0),('f002117','002','C栋1121',0,2,8,0),('f002118','002','C栋1122',1,0,8,0),('f002119','002','C栋2011',0,1,2,0),('f002120','002','C栋2012',1,1,3,1),('f002121','002','C栋2021',1,1,3,0),('f002122','002','C栋2022',1,0,4,1),('f002123','002','C栋2031',1,0,8,1),('f002124','002','C栋2032',0,2,4,1),('f002125','002','C栋2041',1,1,5,0),('f002126','002','C栋2042',0,1,1,0),('f002127','002','C栋2051',0,1,2,1),('f002128','002','C栋2052',1,2,7,0),('f002129','002','C栋2061',0,1,3,0),('f002130','002','C栋2062',0,0,3,0),('f002131','002','C栋2071',0,2,7,0),('f002132','002','C栋2072',1,1,1,0),('f002133','002','C栋2081',0,1,3,1),('f002134','002','C栋2082',0,0,6,0),('f002135','002','C栋2091',0,1,8,0),('f002136','002','C栋2092',0,2,8,0),('f002137','002','C栋2101',1,0,3,1),('f002138','002','C栋2102',1,1,3,0),('f002139','002','C栋2111',0,1,2,0),('f002140','002','C栋2112',0,1,2,0),('f002141','002','C栋2121',0,2,2,1),('f002142','002','D栋1011',1,0,4,1),('f002143','002','D栋1012',0,1,1,0),('f002144','002','D栋1021',1,2,3,1),('f002145','002','D栋1022',1,1,8,1),('f002146','002','D栋1031',1,0,6,0),('f002147','002','D栋1032',1,1,2,0),('f002148','002','D栋1041',1,2,3,0),('f002149','002','D栋1042',0,0,3,0),('f002150','002','D栋1051',0,1,4,0),('f002151','002','D栋1052',1,0,6,1),('f002152','002','D栋1061',0,2,5,0),('f002153','002','D栋1062',1,1,7,1),('f002154','002','D栋1071',0,1,8,1),('f002155','002','D栋1072',1,0,5,1),('f002156','002','D栋1081',0,0,4,1),('f002157','002','D栋1082',0,0,1,1),('f002158','002','D栋1091',0,2,7,1),('f002159','002','D栋1092',0,2,8,1),('f002160','002','D栋1101',0,2,5,1),('f002161','002','D栋1102',1,1,1,1),('f002162','002','D栋1111',1,0,6,0),('f002163','002','D栋1112',1,1,3,0),('f002164','002','D栋1121',1,2,5,0),('f002165','002','D栋1122',1,1,8,0),('f002166','002','D栋2011',1,1,6,0),('f002167','002','D栋2012',1,2,4,0),('f002168','002','D栋2021',1,1,7,1),('f002169','002','D栋2022',1,1,5,0),('f002170','002','D栋2031',1,2,8,1),('f002171','002','D栋2032',0,2,5,1),('f002172','002','D栋2041',1,0,5,1),('f002173','002','D栋2042',1,0,8,1),('f002174','002','D栋2051',0,0,6,1),('f002175','002','D栋2052',1,2,5,0),('f002176','002','D栋2061',0,0,5,1),('f002177','002','D栋2062',0,1,2,0),('f002178','002','D栋2071',1,1,8,0),('f002179','002','D栋2072',0,2,4,1),('f002180','002','D栋2081',0,2,8,1),('f002181','002','D栋2082',0,1,8,1),('f002182','002','D栋2091',1,2,8,0),('f002183','002','D栋2092',0,0,4,1),('f002184','002','D栋2101',1,1,5,0),('f002185','002','D栋2102',1,2,2,0),('f002186','002','D栋2111',1,1,2,1),('f002187','002','D栋2112',1,2,0,1),('f002188','002','D栋2121',0,0,8,0),('f002189','002','E栋1011',1,2,1,0),('f002190','002','E栋1012',0,0,5,1),('f002191','002','E栋1021',0,2,0,0),('f002192','002','E栋1022',0,0,8,1),('f002193','002','E栋1031',1,1,1,0),('f002194','002','E栋1032',1,1,7,0),('f002195','002','E栋1041',1,0,8,1),('f002196','002','E栋1042',0,1,5,0),('f002197','002','E栋1051',1,1,7,0),('f002198','002','E栋1052',1,2,6,0),('f002199','002','E栋1061',1,0,0,1),('f002200','002','E栋1062',0,0,8,0),('f002201','002','E栋1071',0,0,0,1),('f002202','002','E栋1072',1,2,0,1),('f002203','002','E栋1081',0,2,1,1),('f002204','002','E栋1082',1,0,3,1),('f002205','002','E栋1091',0,0,1,0),('f002206','002','E栋1092',0,0,2,0),('f002207','002','E栋1101',0,2,2,1),('f002208','002','E栋1102',1,0,4,1),('f002209','002','E栋1111',0,2,1,1),('f002210','002','E栋1112',0,1,2,0),('f002211','002','E栋1121',0,2,7,0),('f002212','002','E栋1122',1,2,7,0),('f002213','002','E栋2011',1,1,7,0),('f002214','002','E栋2012',0,2,6,0),('f002215','002','E栋2021',1,2,5,0),('f002216','002','E栋2022',1,1,6,0),('f002217','002','E栋2031',0,0,6,0),('f002218','002','E栋2032',1,2,0,0),('f002219','002','E栋2041',1,2,7,0),('f002220','002','E栋2042',0,2,4,0),('f002221','002','E栋2051',1,0,8,1),('f002222','002','E栋2052',1,1,6,1),('f002223','002','E栋2061',1,0,7,1),('f002224','002','E栋2062',1,1,1,0),('f002225','002','E栋2071',0,0,4,0),('f002226','002','E栋2072',1,1,6,0),('f002227','002','E栋2081',0,0,7,1),('f002228','002','E栋2082',1,1,7,1),('f002229','002','E栋2091',0,2,4,0),('f002230','002','E栋2092',0,2,2,1),('f002231','002','E栋2101',0,0,1,0),('f002232','002','E栋2102',1,2,3,1),('f002233','002','E栋2111',0,1,8,1),('f002234','002','E栋2112',1,2,7,0),('f002235','002','F栋1011',0,0,4,0),('f002236','002','F栋1012',1,1,0,0),('f002237','002','F栋1021',0,0,8,0),('f002238','002','F栋1022',0,1,2,1),('f002239','002','F栋1031',1,2,4,1),('f002240','002','F栋1032',1,1,4,0),('f002241','002','F栋1041',0,1,0,1),('f002242','002','F栋1042',1,1,2,1),('f002243','002','F栋1051',0,0,6,0),('f002244','002','F栋1052',0,0,5,0),('f002245','002','F栋1061',0,2,3,1),('f002246','002','F栋1062',1,0,4,1),('f002247','002','F栋1071',1,2,1,1),('f002248','002','F栋1072',0,0,3,0),('f002249','002','F栋1081',1,2,3,0),('f002250','002','F栋1082',1,2,0,1),('f002251','002','F栋1091',0,1,5,1),('f002252','002','F栋1092',0,1,3,1),('f002253','002','F栋1101',0,2,0,0),('f002254','002','F栋1102',0,1,1,0),('f002255','002','F栋1111',1,2,1,1),('f002256','002','F栋1112',1,0,0,1),('f002257','002','F栋1121',1,2,2,0),('f002258','002','F栋1122',1,2,2,0),('f002259','002','F栋2011',1,2,3,0),('f002260','002','F栋2012',1,2,0,1),('f002261','002','F栋2021',0,2,6,0),('f002262','002','F栋2022',0,2,8,0),('f002263','002','F栋2031',0,2,1,0),('f002264','002','F栋2032',1,0,1,0),('f002265','002','F栋2041',1,2,7,1),('f002266','002','F栋2042',1,1,0,0),('f002267','002','F栋2051',0,1,6,1),('f002268','002','F栋2052',1,0,1,1),('f002269','002','F栋2061',0,2,7,1),('f002270','002','F栋2062',0,0,7,1),('f002271','002','F栋2071',1,2,8,0),('f002272','002','F栋2072',1,1,0,1),('f002273','002','F栋2081',0,0,4,1),('f002274','002','F栋2082',1,0,2,0),('f002275','002','F栋2091',0,1,5,0),('f002276','002','F栋2092',1,2,0,0),('f002277','002','F栋2101',1,2,3,0),('f002278','002','F栋2102',0,1,1,0),('f002279','002','F栋2111',1,0,3,1),('f002280','002','F栋2112',1,2,5,1);
/*!40000 ALTER TABLE `family` ENABLE KEYS */;
UNLOCK TABLES;

--
-- Table structure for table `family_account_number`
--

DROP TABLE IF EXISTS `family_account_number`;
/*!40101 SET @saved_cs_client     = @@character_set_client */;
/*!50503 SET character_set_client = utf8mb4 */;
CREATE TABLE `family_account_number` (
  `id` varchar(20) NOT NULL,
  `password` varchar(20) NOT NULL,
  `f_id` varchar(20) NOT NULL,
  PRIMARY KEY (`id`),
  KEY `f_id` (`f_id`),
  CONSTRAINT `family_account_number_ibfk_1` FOREIGN KEY (`f_id`) REFERENCES `family` (`id`)
) ENGINE=InnoDB DEFAULT CHARSET=utf8mb4 COLLATE=utf8mb4_0900_ai_ci;
/*!40101 SET character_set_client = @saved_cs_client */;

--
-- Dumping data for table `family_account_number`
--

LOCK TABLES `family_account_number` WRITE;
/*!40000 ALTER TABLE `family_account_number` DISABLE KEYS */;
INSERT INTO `family_account_number` VALUES ('f0010001','123456','f0010001'),('f0010002','123456','f0010002'),('f0010003','123456','f0010003'),('f0010004','123456','f0010004'),('f0010005','123456','f0010005'),('f0010006','123456','f0010006'),('f0010007','123456','f0010007'),('f0010008','123456','f0010008'),('f0010009','123456','f0010009'),('f0010010','123456','f0010010'),('f0010011','123456','f0010011'),('f0010012','123456','f0010012'),('f0010013','123456','f0010013'),('f0010014','123456','f0010014'),('f0010015','123456','f0010015'),('f0010016','123456','f0010016'),('f0010017','123456','f0010017'),('f0010018','123456','f0010018'),('f0010019','123456','f0010019'),('f0010020','123456','f0010020'),('f0010021','123456','f0010021'),('f0010022','123456','f0010022'),('f0010023','123456','f0010023'),('f0010024','123456','f0010024'),('f0010025','123456','f0010025'),('f0010026','123456','f0010026'),('f0010027','123456','f0010027'),('f0010028','123456','f0010028'),('f0010029','123456','f0010029'),('f0010030','123456','f0010030'),('f0010031','123456','f0010031'),('f0010032','123456','f0010032'),('f0010033','123456','f0010033'),('f0010034','123456','f0010034'),('f0010035','123456','f0010035'),('f0010036','123456','f0010036'),('f0010037','123456','f0010037'),('f0010038','123456','f0010038'),('f0010039','123456','f0010039'),('f0010040','123456','f0010040'),('f0010041','123456','f0010041'),('f0010042','123456','f0010042'),('f0010043','123456','f0010043'),('f0010044','123456','f0010044'),('f0010045','123456','f0010045'),('f0010046','123456','f0010046'),('f0010047','123456','f0010047'),('f0010048','123456','f0010048'),('f0010049','123456','f0010049'),('f0010050','123456','f0010050'),('f0010051','123456','f0010051'),('f0010052','123456','f0010052'),('f0010053','123456','f0010053'),('f0010054','123456','f0010054'),('f0010055','123456','f0010055'),('f0010056','123456','f0010056'),('f0010057','123456','f0010057'),('f0010058','123456','f0010058'),('f0010059','123456','f0010059'),('f0010060','123456','f0010060'),('f0010061','123456','f0010061'),('f0010062','123456','f0010062'),('f0010063','123456','f0010063'),('f0010064','123456','f0010064'),('f0010065','123456','f0010065'),('f0010066','123456','f0010066'),('f0010067','123456','f0010067'),('f0010068','123456','f0010068'),('f0010069','123456','f0010069'),('f0010070','123456','f0010070'),('f0010071','123456','f0010071'),('f0010072','123456','f0010072'),('f0010073','123456','f0010073'),('f0010074','123456','f0010074'),('f0010075','123456','f0010075'),('f0010076','123456','f0010076'),('f0010077','123456','f0010077'),('f0010078','123456','f0010078'),('f0010079','123456','f0010079'),('f0010080','123456','f0010080'),('f0010081','123456','f0010081'),('f0010082','123456','f0010082'),('f0010083','123456','f0010083'),('f0010084','123456','f0010084'),('f0010085','123456','f0010085'),('f0010086','123456','f0010086'),('f0010087','123456','f0010087'),('f0010088','123456','f0010088'),('f0010089','123456','f0010089'),('f0010090','123456','f0010090'),('f0010091','123456','f0010091'),('f0010092','123456','f0010092'),('f0010093','123456','f0010093'),('f0010094','123456','f0010094'),('f0010095','123456','f0010095'),('f0010096','123456','f0010096'),('f0010097','123456','f0010097'),('f0010098','123456','f0010098'),('f0010099','123456','f0010099'),('f0010100','123456','f0010100'),('f0010101','123456','f0010101'),('f0010102','123456','f0010102'),('f0010103','123456','f0010103'),('f0010104','123456','f0010104'),('f0010105','123456','f0010105'),('f0010106','123456','f0010106'),('f0010107','123456','f0010107'),('f0010108','123456','f0010108'),('f0010109','123456','f0010109'),('f0010110','123456','f0010110'),('f0010111','123456','f0010111'),('f0010112','123456','f0010112'),('f0010113','123456','f0010113'),('f0010114','123456','f0010114'),('f0010115','123456','f0010115'),('f0010116','123456','f0010116'),('f0010117','123456','f0010117'),('f0010118','123456','f0010118'),('f0010119','123456','f0010119'),('f0010120','123456','f0010120'),('f0010121','123456','f0010121'),('f0010122','123456','f0010122'),('f0010123','123456','f0010123'),('f0010124','123456','f0010124'),('f0010125','123456','f0010125'),('f0010126','123456','f0010126'),('f0010127','123456','f0010127'),('f0010128','123456','f0010128'),('f0010129','123456','f0010129'),('f0010130','123456','f0010130'),('f0010131','123456','f0010131'),('f0010132','123456','f0010132'),('f0010133','123456','f0010133'),('f0010134','123456','f0010134'),('f0010135','123456','f0010135'),('f0010136','123456','f0010136'),('f0010137','123456','f0010137'),('f0010138','123456','f0010138'),('f0010139','123456','f0010139'),('f0010140','123456','f0010140'),('f0010141','123456','f0010141'),('f0010142','123456','f0010142'),('f0010143','123456','f0010143'),('f0010144','123456','f0010144'),('f0010145','123456','f0010145'),('f0010146','123456','f0010146'),('f0010147','123456','f0010147'),('f0010148','123456','f0010148'),('f0010149','123456','f0010149'),('f0010150','123456','f0010150'),('f0010151','123456','f0010151'),('f0010152','123456','f0010152'),('f0010153','123456','f0010153'),('f0010154','123456','f0010154'),('f0010155','123456','f0010155'),('f0010156','123456','f0010156'),('f0010157','123456','f0010157'),('f0010158','123456','f0010158'),('f0010159','123456','f0010159'),('f0010160','123456','f0010160'),('f0010161','123456','f0010161'),('f0010162','123456','f0010162'),('f0010163','123456','f0010163'),('f0010164','123456','f0010164'),('f0010165','123456','f0010165'),('f0010166','123456','f0010166'),('f0010167','123456','f0010167'),('f0010168','123456','f0010168'),('f0010169','123456','f0010169'),('f0010170','123456','f0010170'),('f0010171','123456','f0010171'),('f0010172','123456','f0010172'),('f0010173','123456','f0010173'),('f0010174','123456','f0010174'),('f0010175','123456','f0010175'),('f0010176','123456','f0010176'),('f0010177','123456','f0010177'),('f0010178','123456','f0010178'),('f0010179','123456','f0010179'),('f0010180','123456','f0010180'),('f0010181','123456','f0010181'),('f0010182','123456','f0010182'),('f0010183','123456','f0010183'),('f0010184','123456','f0010184'),('f0010185','123456','f0010185'),('f0010186','123456','f0010186'),('f0010187','123456','f0010187'),('f0010188','123456','f0010188'),('f0010189','123456','f0010189'),('f0010190','123456','f0010190'),('f0010191','123456','f0010191'),('f0010192','123456','f0010192'),('f0010193','123456','f0010193'),('f0010194','123456','f0010194'),('f0010195','123456','f0010195'),('f0010196','123456','f0010196'),('f0010197','123456','f0010197'),('f0010198','123456','f0010198'),('f0010199','123456','f0010199'),('f0010200','123456','f0010200'),('f0010201','123456','f0010201'),('f0010202','123456','f0010202'),('f0010203','123456','f0010203'),('f0010204','123456','f0010204'),('f0010205','123456','f0010205'),('f0010206','123456','f0010206'),('f0010207','123456','f0010207'),('f0010208','123456','f0010208'),('f0010209','123456','f0010209'),('f0010210','123456','f0010210'),('f0010211','123456','f0010211'),('f0010212','123456','f0010212'),('f0010213','123456','f0010213'),('f0010214','123456','f0010214'),('f0010215','123456','f0010215'),('f0010216','123456','f0010216'),('f0010217','123456','f0010217'),('f0010218','123456','f0010218'),('f0010219','123456','f0010219'),('f0010220','123456','f0010220'),('f0010221','123456','f0010221'),('f0010222','123456','f0010222'),('f0010223','123456','f0010223'),('f0010224','123456','f0010224'),('f0010225','123456','f0010225'),('f0010226','123456','f0010226'),('f0010227','123456','f0010227'),('f0010228','123456','f0010228'),('f0010229','123456','f0010229'),('f0010230','123456','f0010230'),('f0010231','123456','f0010231'),('f0010232','123456','f0010232'),('f0010233','123456','f0010233'),('f0010234','123456','f0010234'),('f0010235','123456','f0010235'),('f0010236','123456','f0010236'),('f0010237','123456','f0010237'),('f0010238','123456','f0010238'),('f0010239','123456','f0010239'),('f0010240','123456','f0010240'),('f0010241','123456','f0010241'),('f0010242','123456','f0010242'),('f0010243','123456','f0010243'),('f0010244','123456','f0010244'),('f0010245','123456','f0010245'),('f0010246','123456','f0010246'),('f0010247','123456','f0010247'),('f0010248','123456','f0010248'),('f0010249','123456','f0010249'),('f0010250','123456','f0010250'),('f0010251','123456','f0010251'),('f0010252','123456','f0010252'),('f0010253','123456','f0010253'),('f0010254','123456','f0010254'),('f0010255','123456','f0010255'),('f0010256','123456','f0010256'),('f0010257','123456','f0010257'),('f0010258','123456','f0010258'),('f0010259','123456','f0010259'),('f0010260','123456','f0010260'),('f0010261','123456','f0010261'),('f0010262','123456','f0010262'),('f0010263','123456','f0010263'),('f0010264','123456','f0010264'),('f0010265','123456','f0010265'),('f0010266','123456','f0010266'),('f0010267','123456','f0010267'),('f0010268','123456','f0010268'),('f0010269','123456','f0010269'),('f0010270','123456','f0010270'),('f0010271','123456','f0010271'),('f0010272','123456','f0010272'),('f0010273','123456','f0010273'),('f0010274','123456','f0010274'),('f0010275','123456','f0010275'),('f0010276','123456','f0010276'),('f0010277','123456','f0010277'),('f0010278','123456','f0010278'),('f0010279','123456','f0010279'),('f0010280','123456','f0010280'),('f0010281','123456','f0010281'),('f0010282','123456','f0010282'),('f0010283','123456','f0010283'),('f0010284','123456','f0010284'),('f0010285','123456','f0010285'),('f0010286','123456','f0010286'),('f0010287','123456','f0010287'),('f0010288','123456','f0010288'),('f0010289','123456','f0010289'),('f0010290','123456','f0010290'),('f0010291','123456','f0010291'),('f0010292','123456','f0010292'),('f0010293','123456','f0010293'),('f0010294','123456','f0010294'),('f0010295','123456','f0010295'),('f0010296','123456','f0010296'),('f0010297','123456','f0010297'),('f0010298','123456','f0010298'),('f0010299','123456','f0010299'),('f0010300','123456','f0010300'),('f002001','123456','f002001'),('f002002','123456','f002002'),('f002003','123456','f002003'),('f002004','123456','f002004'),('f002005','123456','f002005'),('f002006','123456','f002006'),('f002007','123456','f002007'),('f002008','123456','f002008'),('f002009','123456','f002009'),('f002010','123456','f002010'),('f002011','123456','f002011'),('f002012','123456','f002012'),('f002013','123456','f002013'),('f002014','123456','f002014'),('f002015','123456','f002015'),('f002016','123456','f002016'),('f002017','123456','f002017'),('f002018','123456','f002018'),('f002019','123456','f002019'),('f002020','123456','f002020'),('f002021','123456','f002021'),('f002022','123456','f002022'),('f002023','123456','f002023'),('f002024','123456','f002024'),('f002025','123456','f002025'),('f002026','123456','f002026'),('f002027','123456','f002027'),('f002028','123456','f002028'),('f002029','123456','f002029'),('f002030','123456','f002030'),('f002031','123456','f002031'),('f002032','123456','f002032'),('f002033','123456','f002033'),('f002034','123456','f002034'),('f002035','123456','f002035'),('f002036','123456','f002036'),('f002037','123456','f002037'),('f002038','123456','f002038'),('f002039','123456','f002039'),('f002040','123456','f002040'),('f002041','123456','f002041'),('f002042','123456','f002042'),('f002043','123456','f002043'),('f002044','123456','f002044'),('f002045','123456','f002045'),('f002046','123456','f002046'),('f002047','123456','f002047'),('f002048','123456','f002048'),('f002049','123456','f002049'),('f002050','123456','f002050'),('f002051','123456','f002051'),('f002052','123456','f002052'),('f002053','123456','f002053'),('f002054','123456','f002054'),('f002055','123456','f002055'),('f002056','123456','f002056'),('f002057','123456','f002057'),('f002058','123456','f002058'),('f002059','123456','f002059'),('f002060','123456','f002060'),('f002061','123456','f002061'),('f002062','123456','f002062'),('f002063','123456','f002063'),('f002064','123456','f002064'),('f002065','123456','f002065'),('f002066','123456','f002066'),('f002067','123456','f002067'),('f002068','123456','f002068'),('f002069','123456','f002069'),('f002070','123456','f002070'),('f002071','123456','f002071'),('f002072','123456','f002072'),('f002073','123456','f002073'),('f002074','123456','f002074'),('f002075','123456','f002075'),('f002076','123456','f002076'),('f002077','123456','f002077'),('f002078','123456','f002078'),('f002079','123456','f002079'),('f002080','123456','f002080'),('f002081','123456','f002081'),('f002082','123456','f002082'),('f002083','123456','f002083'),('f002084','123456','f002084'),('f002085','123456','f002085'),('f002086','123456','f002086'),('f002087','123456','f002087'),('f002088','123456','f002088'),('f002089','123456','f002089'),('f002090','123456','f002090'),('f002091','123456','f002091'),('f002092','123456','f002092'),('f002093','123456','f002093'),('f002094','123456','f002094'),('f002095','123456','f002095'),('f002096','123456','f002096'),('f002097','123456','f002097'),('f002098','123456','f002098'),('f002099','123456','f002099'),('f002100','123456','f002100'),('f002101','123456','f002101'),('f002102','123456','f002102'),('f002103','123456','f002103'),('f002104','123456','f002104'),('f002105','123456','f002105'),('f002106','123456','f002106'),('f002107','123456','f002107'),('f002108','123456','f002108'),('f002109','123456','f002109'),('f002110','123456','f002110'),('f002111','123456','f002111'),('f002112','123456','f002112'),('f002113','123456','f002113'),('f002114','123456','f002114'),('f002115','123456','f002115'),('f002116','123456','f002116'),('f002117','123456','f002117'),('f002118','123456','f002118'),('f002119','123456','f002119'),('f002120','123456','f002120'),('f002121','123456','f002121'),('f002122','123456','f002122'),('f002123','123456','f002123'),('f002124','123456','f002124'),('f002125','123456','f002125'),('f002126','123456','f002126'),('f002127','123456','f002127'),('f002128','123456','f002128'),('f002129','123456','f002129'),('f002130','123456','f002130'),('f002131','123456','f002131'),('f002132','123456','f002132'),('f002133','123456','f002133'),('f002134','123456','f002134'),('f002135','123456','f002135'),('f002136','123456','f002136'),('f002137','123456','f002137'),('f002138','123456','f002138'),('f002139','123456','f002139'),('f002140','123456','f002140'),('f002141','123456','f002141'),('f002142','123456','f002142'),('f002143','123456','f002143'),('f002144','123456','f002144'),('f002145','123456','f002145'),('f002146','123456','f002146'),('f002147','123456','f002147'),('f002148','123456','f002148'),('f002149','123456','f002149'),('f002150','123456','f002150'),('f002151','123456','f002151'),('f002152','123456','f002152'),('f002153','123456','f002153'),('f002154','123456','f002154'),('f002155','123456','f002155'),('f002156','123456','f002156'),('f002157','123456','f002157'),('f002158','123456','f002158'),('f002159','123456','f002159'),('f002160','123456','f002160'),('f002161','123456','f002161'),('f002162','123456','f002162'),('f002163','123456','f002163'),('f002164','123456','f002164'),('f002165','123456','f002165'),('f002166','123456','f002166'),('f002167','123456','f002167'),('f002168','123456','f002168'),('f002169','123456','f002169'),('f002170','123456','f002170'),('f002171','123456','f002171'),('f002172','123456','f002172'),('f002173','123456','f002173'),('f002174','123456','f002174'),('f002175','123456','f002175'),('f002176','123456','f002176'),('f002177','123456','f002177'),('f002178','123456','f002178'),('f002179','123456','f002179'),('f002180','123456','f002180'),('f002181','123456','f002181'),('f002182','123456','f002182'),('f002183','123456','f002183'),('f002184','123456','f002184'),('f002185','123456','f002185'),('f002186','123456','f002186'),('f002187','123456','f002187'),('f002188','123456','f002188'),('f002189','123456','f002189'),('f002190','123456','f002190'),('f002191','123456','f002191'),('f002192','123456','f002192'),('f002193','123456','f002193'),('f002194','123456','f002194'),('f002195','123456','f002195'),('f002196','123456','f002196'),('f002197','123456','f002197'),('f002198','123456','f002198'),('f002199','123456','f002199'),('f002200','123456','f002200'),('f002201','123456','f002201'),('f002202','123456','f002202'),('f002203','123456','f002203'),('f002204','123456','f002204'),('f002205','123456','f002205'),('f002206','123456','f002206'),('f002207','123456','f002207'),('f002208','123456','f002208'),('f002209','123456','f002209'),('f002210','123456','f002210'),('f002211','123456','f002211'),('f002212','123456','f002212'),('f002213','123456','f002213'),('f002214','123456','f002214'),('f002215','123456','f002215'),('f002216','123456','f002216'),('f002217','123456','f002217'),('f002218','123456','f002218'),('f002219','123456','f002219'),('f002220','123456','f002220'),('f002221','123456','f002221'),('f002222','123456','f002222'),('f002223','123456','f002223'),('f002224','123456','f002224'),('f002225','123456','f002225'),('f002226','123456','f002226'),('f002227','123456','f002227'),('f002228','123456','f002228'),('f002229','123456','f002229'),('f002230','123456','f002230'),('f002231','123456','f002231'),('f002232','123456','f002232'),('f002233','123456','f002233'),('f002234','123456','f002234'),('f002235','123456','f002235'),('f002236','123456','f002236'),('f002237','123456','f002237'),('f002238','123456','f002238'),('f002239','123456','f002239'),('f002240','123456','f002240'),('f002241','123456','f002241'),('f002242','123456','f002242'),('f002243','123456','f002243'),('f002244','123456','f002244'),('f002245','123456','f002245'),('f002246','123456','f002246'),('f002247','123456','f002247'),('f002248','123456','f002248'),('f002249','123456','f002249'),('f002250','123456','f002250'),('f002251','123456','f002251'),('f002252','123456','f002252'),('f002253','123456','f002253'),('f002254','123456','f002254'),('f002255','123456','f002255'),('f002256','123456','f002256'),('f002257','123456','f002257'),('f002258','123456','f002258'),('f002259','123456','f002259'),('f002260','123456','f002260'),('f002261','123456','f002261'),('f002262','123456','f002262'),('f002263','123456','f002263'),('f002264','123456','f002264'),('f002265','123456','f002265'),('f002266','123456','f002266'),('f002267','123456','f002267'),('f002268','123456','f002268'),('f002269','123456','f002269'),('f002270','123456','f002270'),('f002271','123456','f002271'),('f002272','123456','f002272'),('f002273','123456','f002273'),('f002274','123456','f002274'),('f002275','123456','f002275'),('f002276','123456','f002276'),('f002277','123456','f002277'),('f002278','123456','f002278'),('f002279','123456','f002279');
/*!40000 ALTER TABLE `family_account_number` ENABLE KEYS */;
UNLOCK TABLES;

--
-- Table structure for table `housing_estate`
--

DROP TABLE IF EXISTS `housing_estate`;
/*!40101 SET @saved_cs_client     = @@character_set_client */;
/*!50503 SET character_set_client = utf8mb4 */;
CREATE TABLE `housing_estate` (
  `id` varchar(20) NOT NULL,
  `h_e_adress` varchar(20) NOT NULL,
  `h_e_developer` varchar(20) NOT NULL,
  `h_e_area` int DEFAULT '0',
  `h_e_pet` int DEFAULT '0',
  `h_e_family` int DEFAULT '0',
  `h_e_car` int DEFAULT '0',
  `h_e_staff` int DEFAULT '0',
  `h_e_building` int DEFAULT '0',
  `h_e_parking` int DEFAULT '0',
  `h_e_name` varchar(20) NOT NULL,
  PRIMARY KEY (`id`)
) ENGINE=InnoDB DEFAULT CHARSET=utf8mb4 COLLATE=utf8mb4_0900_ai_ci;
/*!40101 SET character_set_client = @saved_cs_client */;

--
-- Dumping data for table `housing_estate`
--

LOCK TABLES `housing_estate` WRITE;
/*!40000 ALTER TABLE `housing_estate` DISABLE KEYS */;
INSERT INTO `housing_estate` VALUES ('001','静兰路东一巷19号 ','柳州恒大',2626,234,300,283,20,8,300,'静兰小区'),('002','城中区沿江路28号','柳州云星',1975,80,280,275,20,6,300,'中房胜利小区');
/*!40000 ALTER TABLE `housing_estate` ENABLE KEYS */;
UNLOCK TABLES;

--
-- Table structure for table `parking`
--

DROP TABLE IF EXISTS `parking`;
/*!40101 SET @saved_cs_client     = @@character_set_client */;
/*!50503 SET character_set_client = utf8mb4 */;
CREATE TABLE `parking` (
  `h_e_id` varchar(20) NOT NULL,
  `f_id` varchar(20) NOT NULL,
  `adress` varchar(20) DEFAULT NULL,
  PRIMARY KEY (`h_e_id`,`f_id`),
  KEY `f_id` (`f_id`),
  CONSTRAINT `parking_ibfk_1` FOREIGN KEY (`h_e_id`) REFERENCES `housing_estate` (`id`),
  CONSTRAINT `parking_ibfk_2` FOREIGN KEY (`f_id`) REFERENCES `family` (`id`)
) ENGINE=InnoDB DEFAULT CHARSET=utf8mb4 COLLATE=utf8mb4_0900_ai_ci;
/*!40101 SET character_set_client = @saved_cs_client */;

--
-- Dumping data for table `parking`
--

LOCK TABLES `parking` WRITE;
/*!40000 ALTER TABLE `parking` DISABLE KEYS */;
/*!40000 ALTER TABLE `parking` ENABLE KEYS */;
UNLOCK TABLES;

--
-- Table structure for table `people`
--

DROP TABLE IF EXISTS `people`;
/*!40101 SET @saved_cs_client     = @@character_set_client */;
/*!50503 SET character_set_client = utf8mb4 */;
CREATE TABLE `people` (
  `id` varchar(20) NOT NULL,
  `f_id` varchar(20) NOT NULL,
  `pname` varchar(20) NOT NULL,
  `psex` varchar(10) NOT NULL,
  `page` int DEFAULT '0',
  `pphone` varchar(20) DEFAULT NULL,
  PRIMARY KEY (`id`),
  KEY `f_id` (`f_id`),
  CONSTRAINT `people_ibfk_1` FOREIGN KEY (`f_id`) REFERENCES `family` (`id`)
) ENGINE=InnoDB DEFAULT CHARSET=utf8mb4 COLLATE=utf8mb4_0900_ai_ci;
/*!40101 SET character_set_client = @saved_cs_client */;

--
-- Dumping data for table `people`
--

LOCK TABLES `people` WRITE;
/*!40000 ALTER TABLE `people` DISABLE KEYS */;
/*!40000 ALTER TABLE `people` ENABLE KEYS */;
UNLOCK TABLES;

--
-- Table structure for table `pet`
--

DROP TABLE IF EXISTS `pet`;
/*!40101 SET @saved_cs_client     = @@character_set_client */;
/*!50503 SET character_set_client = utf8mb4 */;
CREATE TABLE `pet` (
  `id` varchar(20) NOT NULL,
  `f_id` varchar(20) NOT NULL,
  `variety` varchar(20) NOT NULL,
  `sex` varchar(20) NOT NULL,
  `age` int DEFAULT '0',
  PRIMARY KEY (`id`),
  KEY `f_id` (`f_id`),
  CONSTRAINT `pet_ibfk_1` FOREIGN KEY (`f_id`) REFERENCES `family` (`id`)
) ENGINE=InnoDB DEFAULT CHARSET=utf8mb4 COLLATE=utf8mb4_0900_ai_ci;
/*!40101 SET character_set_client = @saved_cs_client */;

--
-- Dumping data for table `pet`
--

LOCK TABLES `pet` WRITE;
/*!40000 ALTER TABLE `pet` DISABLE KEYS */;
/*!40000 ALTER TABLE `pet` ENABLE KEYS */;
UNLOCK TABLES;

--
-- Table structure for table `staff`
--

DROP TABLE IF EXISTS `staff`;
/*!40101 SET @saved_cs_client     = @@character_set_client */;
/*!50503 SET character_set_client = utf8mb4 */;
CREATE TABLE `staff` (
  `id` varchar(20) NOT NULL,
  `h_e_id` varchar(20) DEFAULT NULL,
  `s_name` varchar(20) NOT NULL,
  `s_sex` varchar(20) NOT NULL,
  `s_age` int DEFAULT '0',
  `telephone` varchar(20) DEFAULT NULL,
  `idcard` varchar(20) DEFAULT NULL,
  `staff_position` varchar(20) DEFAULT NULL,
  `wages` int DEFAULT '0',
  PRIMARY KEY (`id`),
  KEY `h_e_id` (`h_e_id`),
  CONSTRAINT `staff_ibfk_1` FOREIGN KEY (`h_e_id`) REFERENCES `housing_estate` (`id`)
) ENGINE=InnoDB DEFAULT CHARSET=utf8mb4 COLLATE=utf8mb4_0900_ai_ci;
/*!40101 SET character_set_client = @saved_cs_client */;

--
-- Dumping data for table `staff`
--

LOCK TABLES `staff` WRITE;
/*!40000 ALTER TABLE `staff` DISABLE KEYS */;
INSERT INTO `staff` VALUES ('s001001','001','黎梁宗','男',27,'11553955357','610326199303129595\'','主管',5000),('s001002','001','史枫丽','女',27,'17131977158','231004199303136205','公共事务人员',4000),('s001003','001','姜钧','女',27,'19393295667','23100419930313674X','公共事务人员',4000),('s001004','001','江广忠','女',20,'13476963796','320281200010018803','公共事务人员',4000),('s001005','001','奚美','女',41,'18169583795','632224197907048807','公共事务人员',4000),('s001006','001','戴秋','女',24,'13284334971','320581199612038300','公共事务人员',4000),('s001007','001','司空莲楠','女',35,'16135679372','532327198505179746','机电维修人员',4000),('s001008','001','卢威','男',24,'12772313561','110107199603086496','机电维修人员',4000),('s001009','001','元灵苇','男',56,'17527823544','231004196402259258','保安',3500),('s001010','001','禄柔','女',35,'16989911475','532327198505177740','保安',3500),('s001011','001','项海文','男',27,'12449797172','610326199303128453','保安',3500),('s001012','001','房菡雨','女',41,'15882763633','632224197907047820','保安',3500),('s001013','001','伏功树','男',44,'19346169128','43022119761012871X','保安',3500),('s001014','001','湛新娣','男',24,'12957663732','11010719960308639X','保安',3500),('s001015','001','庾霞','女',27,'18129365129','231004199303137507','保安',3500),('s001016','001','申屠勇彪','女',35,'13598966635','532327198505177265','保安',3500),('s001017','001','巩士','男',31,'12238692813','37052319890416991X','清洁工',3000),('s001018','001','龚雁','女',35,'19816792892','532327198505178743','清洁工',3000),('s001019','001','步文','男',44,'13576377721','430221197610129237','清洁工',3000),('s001020','001','常纯','女',24,'18597853359','320581199612036823','清洁工',3000),('s002001','002','项海文','男',27,'19878195514','610326199303128453','主管',5000),('s002002','002','管发信','男',56,'11295478759','231004196402256698','公共事务人员',4000),('s002003','002','瞿芸民','女',20,'19495358394','320281200010016103','公共事务人员',4000),('s002004','002','湛言亨','男',31,'11691483432','370523198904167236','公共事务人员',4000),('s002005','002','贾叶桦','男',31,'13323117896','370523198904166751','公共事务人员',4000),('s002006','002','纪翠','女',35,'19782347781','532327198505179869','公共事务人员',4000),('s002007','002','堵友洁','男',44,'14785321366','430221197610129691','机电维修人员',4000),('s002008','002','夏枝翠','女',41,'15527165984','632224197907049826','机电维修人员',4000),('s002009','002','耿韵莺','男',56,'15796434934','231004196402259098','保安',3500),('s002010','002','卞姬','女',24,'11339982648','320581199612037201','保安',3500),('s002011','002','王爱','男',31,'15214757758','370523198904168853','保安',3500),('s002012','002','柯璧','女',20,'19131535862','320281200010019064','保安',3500),('s002013','002','满茜','女',27,'12672463131','231004199303136627','保安',3500),('s002014','002','宁浩','男',31,'13424499477','370523198904167332','保安',3500),('s002015','002','卫莺伊','女',20,'13182151895','320281200010019160','保安',3500),('s002016','002','闵艺','女',24,'18835475263','320581199612038300','保安',3500),('s002017','002','韩叶','女',41,'19438945184','632224197907047564','清洁工',3000),('s002018','002','吕黛月','男',24,'15369732634','110107199603088037','清洁工',3000),('s002019','002','魏振芝','男',56,'19191822634','231004196402257578','清洁工',3000),('s002020','002','朱利毓','男',56,'17341518811','231004196402258319','清洁工',3000);
/*!40000 ALTER TABLE `staff` ENABLE KEYS */;
UNLOCK TABLES;

--
-- Table structure for table `staff_account_number`
--

DROP TABLE IF EXISTS `staff_account_number`;
/*!40101 SET @saved_cs_client     = @@character_set_client */;
/*!50503 SET character_set_client = utf8mb4 */;
CREATE TABLE `staff_account_number` (
  `id` varchar(20) NOT NULL,
  `password` varchar(20) NOT NULL,
  `staff_id` varchar(20) DEFAULT NULL,
  PRIMARY KEY (`id`),
  KEY `staff_id` (`staff_id`),
  CONSTRAINT `staff_account_number_ibfk_1` FOREIGN KEY (`staff_id`) REFERENCES `staff` (`id`)
) ENGINE=InnoDB DEFAULT CHARSET=utf8mb4 COLLATE=utf8mb4_0900_ai_ci;
/*!40101 SET character_set_client = @saved_cs_client */;

--
-- Dumping data for table `staff_account_number`
--

LOCK TABLES `staff_account_number` WRITE;
/*!40000 ALTER TABLE `staff_account_number` DISABLE KEYS */;
INSERT INTO `staff_account_number` VALUES ('s001001','123456','s001001'),('s001002','123456','s001002'),('s001003','123456','s001003'),('s001004','123456','s001004'),('s001005','123456','s001005'),('s001006','123456','s001006'),('s001007','123456','s001007'),('s001008','123456','s001008'),('s001009','123456','s001009'),('s001010','123456','s001010'),('s001011','123456','s001011'),('s001012','123456','s001012'),('s001013','123456','s001013'),('s001014','123456','s001014'),('s001015','123456','s001015'),('s001016','123456','s001016'),('s001017','123456','s001017'),('s001018','123456','s001018'),('s001019','123456','s001019'),('s001020','123456','s001020'),('s002001','123456','s002001'),('s002002','123456','s002002'),('s002003','123456','s002003'),('s002004','123456','s002004'),('s002005','123456','s002005'),('s002006','123456','s002006'),('s002007','123456','s002007'),('s002008','123456','s002008'),('s002009','123456','s002009'),('s002010','123456','s002010'),('s002011','123456','s002011'),('s002012','123456','s002012'),('s002013','123456','s002013'),('s002014','123456','s002014'),('s002015','123456','s002015'),('s002016','123456','s002016'),('s002017','123456','s002017'),('s002018','123456','s002018'),('s002019','123456','s002019'),('s002020','123456','s002020');
/*!40000 ALTER TABLE `staff_account_number` ENABLE KEYS */;
UNLOCK TABLES;
/*!40103 SET TIME_ZONE=@OLD_TIME_ZONE */;

/*!40101 SET SQL_MODE=@OLD_SQL_MODE */;
/*!40014 SET FOREIGN_KEY_CHECKS=@OLD_FOREIGN_KEY_CHECKS */;
/*!40014 SET UNIQUE_CHECKS=@OLD_UNIQUE_CHECKS */;
/*!40101 SET CHARACTER_SET_CLIENT=@OLD_CHARACTER_SET_CLIENT */;
/*!40101 SET CHARACTER_SET_RESULTS=@OLD_CHARACTER_SET_RESULTS */;
/*!40101 SET COLLATION_CONNECTION=@OLD_COLLATION_CONNECTION */;
/*!40111 SET SQL_NOTES=@OLD_SQL_NOTES */;

-- Dump completed on 2020-12-09  0:58:04
