id,password,f_id,,,,
f001001,123456,f001001,,,,
f001002,123456,f001002,,,,
f001003,123456,f001003,,,,
f001004,123456,f001004,,,,
f001005,123456,f001005,,,,
f001006,123456,f001006,,,,
f001007,123456,f001007,,,,
f001008,123456,f001008,,,,
f001009,123456,f001009,,,,
f001010,123456,f001010,,,,
f001011,123456,f001011,,,,
f001012,123456,f001012,,,,
f001013,123456,f001013,,,,
f001014,123456,f001014,,,,
f001015,123456,f001015,,,,
f001016,123456,f001016,,,,
f001017,123456,f001017,,,,
f001018,123456,f001018,,,,
f001019,123456,f001019,,,,
f001020,123456,f001020,,,,
f001021,123456,f001021,,,,
f001022,123456,f001022,,,,
f001023,123456,f001023,,,,
f001024,123456,f001024,,,,
f001025,123456,f001025,,,,
f001026,123456,f001026,,,,
f001027,123456,f001027,,,,
f001028,123456,f001028,,,,
f001029,123456,f001029,,,,
f001030,123456,f001030,,,,
f001031,123456,f001031,,,,
f001032,123456,f001032,,,,
f001033,123456,f001033,,,,
f001034,123456,f001034,,,,
f001035,123456,f001035,,,,
f001036,123456,f001036,,,,
f001037,123456,f001037,,,,
f001038,123456,f001038,,,,
f001039,123456,f001039,,,,
f001040,123456,f001040,,,,
f001041,123456,f001041,,,,
f001042,123456,f001042,,,,
f001043,123456,f001043,,,,
f001044,123456,f001044,,,,
f001045,123456,f001045,,,,
f001046,123456,f001046,,,,
f001047,123456,f001047,,,,
f001048,123456,f001048,,,,
f001049,123456,f001049,,,,
f001050,123456,f001050,,,,
f001051,123456,f001051,,,,
f001052,123456,f001052,,,,
f001053,123456,f001053,,,,
f001054,123456,f001054,,,,
f001055,123456,f001055,,,,
f001056,123456,f001056,,,,
f001057,123456,f001057,,,,
f001058,123456,f001058,,,,
f001059,123456,f001059,,,,
f001060,123456,f001060,,,,
f001061,123456,f001061,,,,
f001062,123456,f001062,,,,
f001063,123456,f001063,,,,
f001064,123456,f001064,,,,
f001065,123456,f001065,,,,
f001066,123456,f001066,,,,
f001067,123456,f001067,,,,
f001068,123456,f001068,,,,
f001069,123456,f001069,,,,
f001070,123456,f001070,,,,
f001071,123456,f001071,,,,
f001072,123456,f001072,,,,
f001073,123456,f001073,,,,
f001074,123456,f001074,,,,
f001075,123456,f001075,,,,
f001076,123456,f001076,,,,
f001077,123456,f001077,,,,
f001078,123456,f001078,,,,
f001079,123456,f001079,,,,
f001080,123456,f001080,,,,
f001081,123456,f001081,,,,
f001082,123456,f001082,,,,
f001083,123456,f001083,,,,
f001084,123456,f001084,,,,
f001085,123456,f001085,,,,
f001086,123456,f001086,,,,
f001087,123456,f001087,,,,
f001088,123456,f001088,,,,
f001089,123456,f001089,,,,
f001090,123456,f001090,,,,
f001091,123456,f001091,,,,
f001092,123456,f001092,,,,
f001093,123456,f001093,,,,
f001094,123456,f001094,,,,
f001095,123456,f001095,,,,
f001096,123456,f001096,,,,
f001097,123456,f001097,,,,
f001098,123456,f001098,,,,
f001099,123456,f001099,,,,
f001100,123456,f001100,,,,
f001101,123456,f001101,,,,
f001102,123456,f001102,,,,
f001103,123456,f001103,,,,
f001104,123456,f001104,,,,
f001105,123456,f001105,,,,
f001106,123456,f001106,,,,
f001107,123456,f001107,,,,
f001108,123456,f001108,,,,
f001109,123456,f001109,,,,
f001110,123456,f001110,,,,
f001111,123456,f001111,,,,
f001112,123456,f001112,,,,
f001113,123456,f001113,,,,
f001114,123456,f001114,,,,
f001115,123456,f001115,,,,
f001116,123456,f001116,,,,
f001117,123456,f001117,,,,
f001118,123456,f001118,,,,
f001119,123456,f001119,,,,
f001120,123456,f001120,,,,
f001121,123456,f001121,,,,
f001122,123456,f001122,,,,
f001123,123456,f001123,,,,
f001124,123456,f001124,,,,
f001125,123456,f001125,,,,
f001126,123456,f001126,,,,
f001127,123456,f001127,,,,
f001128,123456,f001128,,,,
f001129,123456,f001129,,,,
f001130,123456,f001130,,,,
f001131,123456,f001131,,,,
f001132,123456,f001132,,,,
f001133,123456,f001133,,,,
f001134,123456,f001134,,,,
f001135,123456,f001135,,,,
f001136,123456,f001136,,,,
f001137,123456,f001137,,,,
f001138,123456,f001138,,,,
f001139,123456,f001139,,,,
f001140,123456,f001140,,,,
f001141,123456,f001141,,,,
f001142,123456,f001142,,,,
f001143,123456,f001143,,,,
f001144,123456,f001144,,,,
f001145,123456,f001145,,,,
f001146,123456,f001146,,,,
f001147,123456,f001147,,,,
f001148,123456,f001148,,,,
f001149,123456,f001149,,,,
f001150,123456,f001150,,,,
f001151,123456,f001151,,,,
f001152,123456,f001152,,,,
f001153,123456,f001153,,,,
f001154,123456,f001154,,,,
f001155,123456,f001155,,,,
f001156,123456,f001156,,,,
f001157,123456,f001157,,,,
f001158,123456,f001158,,,,
f001159,123456,f001159,,,,
f001160,123456,f001160,,,,
f001161,123456,f001161,,,,
f001162,123456,f001162,,,,
f001163,123456,f001163,,,,
f001164,123456,f001164,,,,
f001165,123456,f001165,,,,
f001166,123456,f001166,,,,
f001167,123456,f001167,,,,
f001168,123456,f001168,,,,
f001169,123456,f001169,,,,
f001170,123456,f001170,,,,
f001171,123456,f001171,,,,
f001172,123456,f001172,,,,
f001173,123456,f001173,,,,
f001174,123456,f001174,,,,
f001175,123456,f001175,,,,
f001176,123456,f001176,,,,
f001177,123456,f001177,,,,
f001178,123456,f001178,,,,
f001179,123456,f001179,,,,
f001180,123456,f001180,,,,
f001181,123456,f001181,,,,
f001182,123456,f001182,,,,
f001183,123456,f001183,,,,
f001184,123456,f001184,,,,
f001185,123456,f001185,,,,
f001186,123456,f001186,,,,
f001187,123456,f001187,,,,
f001188,123456,f001188,,,,
f001189,123456,f001189,,,,
f001190,123456,f001190,,,,
f001191,123456,f001191,,,,
f001192,123456,f001192,,,,
f001193,123456,f001193,,,,
f001194,123456,f001194,,,,
f001195,123456,f001195,,,,
f001196,123456,f001196,,,,
f001197,123456,f001197,,,,
f001198,123456,f001198,,,,
f001199,123456,f001199,,,,
f001200,123456,f001200,,,,
f001201,123456,f001201,,,,
f001202,123456,f001202,,,,
f001203,123456,f001203,,,,
f001204,123456,f001204,,,,
f001205,123456,f001205,,,,
f001206,123456,f001206,,,,
f001207,123456,f001207,,,,
f001208,123456,f001208,,,,
f001209,123456,f001209,,,,
f001210,123456,f001210,,,,
f001211,123456,f001211,,,,
f001212,123456,f001212,,,,
f001213,123456,f001213,,,,
f001214,123456,f001214,,,,
f001215,123456,f001215,,,,
f001216,123456,f001216,,,,
f001217,123456,f001217,,,,
f001218,123456,f001218,,,,
f001219,123456,f001219,,,,
f001220,123456,f001220,,,,
f001221,123456,f001221,,,,
f001222,123456,f001222,,,,
f001223,123456,f001223,,,,
f001224,123456,f001224,,,,
f001225,123456,f001225,,,,
f001226,123456,f001226,,,,
f001227,123456,f001227,,,,
f001228,123456,f001228,,,,
f001229,123456,f001229,,,,
f001230,123456,f001230,,,,
f001231,123456,f001231,,,,
f001232,123456,f001232,,,,
f001233,123456,f001233,,,,
f001234,123456,f001234,,,,
f001235,123456,f001235,,,,
f001236,123456,f001236,,,,
f001237,123456,f001237,,,,
f001238,123456,f001238,,,,
f001239,123456,f001239,,,,
f001240,123456,f001240,,,,
f001241,123456,f001241,,,,
f001242,123456,f001242,,,,
f001243,123456,f001243,,,,
f001244,123456,f001244,,,,
f001245,123456,f001245,,,,
f001246,123456,f001246,,,,
f001247,123456,f001247,,,,
f001248,123456,f001248,,,,
f001249,123456,f001249,,,,
f001250,123456,f001250,,,,
f001251,123456,f001251,,,,
f001252,123456,f001252,,,,
f001253,123456,f001253,,,,
f001254,123456,f001254,,,,
f001255,123456,f001255,,,,
f001256,123456,f001256,,,,
f001257,123456,f001257,,,,
f001258,123456,f001258,,,,
f001259,123456,f001259,,,,
f001260,123456,f001260,,,,
f001261,123456,f001261,,,,
f001262,123456,f001262,,,,
f001263,123456,f001263,,,,
f001264,123456,f001264,,,,
f001265,123456,f001265,,,,
f001266,123456,f001266,,,,
f001267,123456,f001267,,,,
f001268,123456,f001268,,,,
f001269,123456,f001269,,,,
f001270,123456,f001270,,,,
f001271,123456,f001271,,,,
f001272,123456,f001272,,,,
f001273,123456,f001273,,,,
f001274,123456,f001274,,,,
f001275,123456,f001275,,,,
f001276,123456,f001276,,,,
f001277,123456,f001277,,,,
f001278,123456,f001278,,,,
f001279,123456,f001279,,,,
f001280,123456,f001280,,,,
f001281,123456,f001281,,,,
f001282,123456,f001282,,,,
f001283,123456,f001283,,,,
f001284,123456,f001284,,,,
f001285,123456,f001285,,,,
f001286,123456,f001286,,,,
f001287,123456,f001287,,,,
f001288,123456,f001288,,,,
f001289,123456,f001289,,,,
f001290,123456,f001290,,,,
f001291,123456,f001291,,,,
f001292,123456,f001292,,,,
f001293,123456,f001293,,,,
f001294,123456,f001294,,,,
f001295,123456,f001295,,,,
f001296,123456,f001296,,,,
f001297,123456,f001297,,,,
f001298,123456,f001298,,,,
f001299,123456,f001299,,,,
f001300,123456,f001300,,,,
f002001,123456,f002001,,,,
f002002,123456,f002002,,,,
f002003,123456,f002003,,,,
f002004,123456,f002004,,,,
f002005,123456,f002005,,,,
f002006,123456,f002006,,,,
f002007,123456,f002007,,,,
f002008,123456,f002008,,,,
f002009,123456,f002009,,,,
f002010,123456,f002010,,,,
f002011,123456,f002011,,,,
f002012,123456,f002012,,,,
f002013,123456,f002013,,,,
f002014,123456,f002014,,,,
f002015,123456,f002015,,,,
f002016,123456,f002016,,,,
f002017,123456,f002017,,,,
f002018,123456,f002018,,,,
f002019,123456,f002019,,,,
f002020,123456,f002020,,,,
f002021,123456,f002021,,,,
f002022,123456,f002022,,,,
f002023,123456,f002023,,,,
f002024,123456,f002024,,,,
f002025,123456,f002025,,,,
f002026,123456,f002026,,,,
f002027,123456,f002027,,,,
f002028,123456,f002028,,,,
f002029,123456,f002029,,,,
f002030,123456,f002030,,,,
f002031,123456,f002031,,,,
f002032,123456,f002032,,,,
f002033,123456,f002033,,,,
f002034,123456,f002034,,,,
f002035,123456,f002035,,,,
f002036,123456,f002036,,,,
f002037,123456,f002037,,,,
f002038,123456,f002038,,,,
f002039,123456,f002039,,,,
f002040,123456,f002040,,,,
f002041,123456,f002041,,,,
f002042,123456,f002042,,,,
f002043,123456,f002043,,,,
f002044,123456,f002044,,,,
f002045,123456,f002045,,,,
f002046,123456,f002046,,,,
f002047,123456,f002047,,,,
f002048,123456,f002048,,,,
f002049,123456,f002049,,,,
f002050,123456,f002050,,,,
f002051,123456,f002051,,,,
f002052,123456,f002052,,,,
f002053,123456,f002053,,,,
f002054,123456,f002054,,,,
f002055,123456,f002055,,,,
f002056,123456,f002056,,,,
f002057,123456,f002057,,,,
f002058,123456,f002058,,,,
f002059,123456,f002059,,,,
f002060,123456,f002060,,,,
f002061,123456,f002061,,,,
f002062,123456,f002062,,,,
f002063,123456,f002063,,,,
f002064,123456,f002064,,,,
f002065,123456,f002065,,,,
f002066,123456,f002066,,,,
f002067,123456,f002067,,,,
f002068,123456,f002068,,,,
f002069,123456,f002069,,,,
f002070,123456,f002070,,,,
f002071,123456,f002071,,,,
f002072,123456,f002072,,,,
f002073,123456,f002073,,,,
f002074,123456,f002074,,,,
f002075,123456,f002075,,,,
f002076,123456,f002076,,,,
f002077,123456,f002077,,,,
f002078,123456,f002078,,,,
f002079,123456,f002079,,,,
f002080,123456,f002080,,,,
f002081,123456,f002081,,,,
f002082,123456,f002082,,,,
f002083,123456,f002083,,,,
f002084,123456,f002084,,,,
f002085,123456,f002085,,,,
f002086,123456,f002086,,,,
f002087,123456,f002087,,,,
f002088,123456,f002088,,,,
f002089,123456,f002089,,,,
f002090,123456,f002090,,,,
f002091,123456,f002091,,,,
f002092,123456,f002092,,,,
f002093,123456,f002093,,,,
f002094,123456,f002094,,,,
f002095,123456,f002095,,,,
f002096,123456,f002096,,,,
f002097,123456,f002097,,,,
f002098,123456,f002098,,,,
f002099,123456,f002099,,,,
f002100,123456,f002100,,,,
f002101,123456,f002101,,,,
f002102,123456,f002102,,,,
f002103,123456,f002103,,,,
f002104,123456,f002104,,,,
f002105,123456,f002105,,,,
f002106,123456,f002106,,,,
f002107,123456,f002107,,,,
f002108,123456,f002108,,,,
f002109,123456,f002109,,,,
f002110,123456,f002110,,,,
f002111,123456,f002111,,,,
f002112,123456,f002112,,,,
f002113,123456,f002113,,,,
f002114,123456,f002114,,,,
f002115,123456,f002115,,,,
f002116,123456,f002116,,,,
f002117,123456,f002117,,,,
f002118,123456,f002118,,,,
f002119,123456,f002119,,,,
f002120,123456,f002120,,,,
f002121,123456,f002121,,,,
f002122,123456,f002122,,,,
f002123,123456,f002123,,,,
f002124,123456,f002124,,,,
f002125,123456,f002125,,,,
f002126,123456,f002126,,,,
f002127,123456,f002127,,,,
f002128,123456,f002128,,,,
f002129,123456,f002129,,,,
f002130,123456,f002130,,,,
f002131,123456,f002131,,,,
f002132,123456,f002132,,,,
f002133,123456,f002133,,,,
f002134,123456,f002134,,,,
f002135,123456,f002135,,,,
f002136,123456,f002136,,,,
f002137,123456,f002137,,,,
f002138,123456,f002138,,,,
f002139,123456,f002139,,,,
f002140,123456,f002140,,,,
f002141,123456,f002141,,,,
f002142,123456,f002142,,,,
f002143,123456,f002143,,,,
f002144,123456,f002144,,,,
f002145,123456,f002145,,,,
f002146,123456,f002146,,,,
f002147,123456,f002147,,,,
f002148,123456,f002148,,,,
f002149,123456,f002149,,,,
f002150,123456,f002150,,,,
f002151,123456,f002151,,,,
f002152,123456,f002152,,,,
f002153,123456,f002153,,,,
f002154,123456,f002154,,,,
f002155,123456,f002155,,,,
f002156,123456,f002156,,,,
f002157,123456,f002157,,,,
f002158,123456,f002158,,,,
f002159,123456,f002159,,,,
f002160,123456,f002160,,,,
f002161,123456,f002161,,,,
f002162,123456,f002162,,,,
f002163,123456,f002163,,,,
f002164,123456,f002164,,,,
f002165,123456,f002165,,,,
f002166,123456,f002166,,,,
f002167,123456,f002167,,,,
f002168,123456,f002168,,,,
f002169,123456,f002169,,,,
f002170,123456,f002170,,,,
f002171,123456,f002171,,,,
f002172,123456,f002172,,,,
f002173,123456,f002173,,,,
f002174,123456,f002174,,,,
f002175,123456,f002175,,,,
f002176,123456,f002176,,,,
f002177,123456,f002177,,,,
f002178,123456,f002178,,,,
f002179,123456,f002179,,,,
f002180,123456,f002180,,,,
f002181,123456,f002181,,,,
f002182,123456,f002182,,,,
f002183,123456,f002183,,,,
f002184,123456,f002184,,,,
f002185,123456,f002185,,,,
f002186,123456,f002186,,,,
f002187,123456,f002187,,,,
f002188,123456,f002188,,,,
f002189,123456,f002189,,,,
f002190,123456,f002190,,,,
f002191,123456,f002191,,,,
f002192,123456,f002192,,,,
f002193,123456,f002193,,,,
f002194,123456,f002194,,,,
f002195,123456,f002195,,,,
f002196,123456,f002196,,,,
f002197,123456,f002197,,,,
f002198,123456,f002198,,,,
f002199,123456,f002199,,,,
f002200,123456,f002200,,,,
f002201,123456,f002201,,,,
f002202,123456,f002202,,,,
f002203,123456,f002203,,,,
f002204,123456,f002204,,,,
f002205,123456,f002205,,,,
f002206,123456,f002206,,,,
f002207,123456,f002207,,,,
f002208,123456,f002208,,,,
f002209,123456,f002209,,,,
f002210,123456,f002210,,,,
f002211,123456,f002211,,,,
f002212,123456,f002212,,,,
f002213,123456,f002213,,,,
f002214,123456,f002214,,,,
f002215,123456,f002215,,,,
f002216,123456,f002216,,,,
f002217,123456,f002217,,,,
f002218,123456,f002218,,,,
f002219,123456,f002219,,,,
f002220,123456,f002220,,,,
f002221,123456,f002221,,,,
f002222,123456,f002222,,,,
f002223,123456,f002223,,,,
f002224,123456,f002224,,,,
f002225,123456,f002225,,,,
f002226,123456,f002226,,,,
f002227,123456,f002227,,,,
f002228,123456,f002228,,,,
f002229,123456,f002229,,,,
f002230,123456,f002230,,,,
f002231,123456,f002231,,,,
f002232,123456,f002232,,,,
f002233,123456,f002233,,,,
f002234,123456,f002234,,,,
f002235,123456,f002235,,,,
f002236,123456,f002236,,,,
f002237,123456,f002237,,,,
f002238,123456,f002238,,,,
f002239,123456,f002239,,,,
f002240,123456,f002240,,,,
f002241,123456,f002241,,,,
f002242,123456,f002242,,,,
f002243,123456,f002243,,,,
f002244,123456,f002244,,,,
f002245,123456,f002245,,,,
f002246,123456,f002246,,,,
f002247,123456,f002247,,,,
f002248,123456,f002248,,,,
f002249,123456,f002249,,,,
f002250,123456,f002250,,,,
f002251,123456,f002251,,,,
f002252,123456,f002252,,,,
f002253,123456,f002253,,,,
f002254,123456,f002254,,,,
f002255,123456,f002255,,,,
f002256,123456,f002256,,,,
f002257,123456,f002257,,,,
f002258,123456,f002258,,,,
f002259,123456,f002259,,,,
f002260,123456,f002260,,,,
f002261,123456,f002261,,,,
f002262,123456,f002262,,,,
f002263,123456,f002263,,,,
f002264,123456,f002264,,,,
f002265,123456,f002265,,,,
f002266,123456,f002266,,,,
f002267,123456,f002267,,,,
f002268,123456,f002268,,,,
f002269,123456,f002269,,,,
f002270,123456,f002270,,,,
f002271,123456,f002271,,,,
f002272,123456,f002272,,,,
f002273,123456,f002273,,,,
f002274,123456,f002274,,,,
f002275,123456,f002275,,,,
f002276,123456,f002276,,,,
f002277,123456,f002277,,,,
f002278,123456,f002278,,,,
f002279,123456,f002279,,,,
f002280,,f002280,,,,
