adress,h_e_id,f_id,,
p001021,001,f001001,,
p001221,001,f001002,,
p001092,001,f001003,,
p001050,001,f001004,,
p001157,001,f001005,,
p001012,001,f001006,,
p001173,001,f001007,,
p001051,001,f001008,,
p001116,001,f001009,,
p001185,001,f001010,,
p001007,001,f001011,,
p001026,001,f001012,,
p001282,001,f001013,,
p001171,001,f001014,,
p001229,001,f001015,,
p001094,001,f001016,,
p001082,001,f001017,,
p001180,001,f001018,,
p001040,001,f001019,,
p001055,001,f001020,,
p001296,001,f001021,,
p001093,001,f001022,,
p001023,001,f001023,,
p001106,001,f001024,,
p001091,001,f001025,,
p001224,001,f001026,,
p001227,001,f001027,,
p001246,001,f001028,,
p001107,001,f001029,,
p001078,001,f001030,,
p001264,001,f001031,,
p001035,001,f001032,,
p001149,001,f001033,,
p001118,001,f001034,,
p001089,001,f001035,,
p001216,001,f001036,,
p001151,001,f001037,,
p001245,001,f001038,,
p001142,001,f001039,,
p001268,001,f001040,,
p001172,001,f001041,,
p001052,001,f001042,,
p001232,001,f001043,,
p001153,001,f001044,,
p001179,001,f001045,,
p001065,001,f001046,,
p001123,001,f001047,,
p001024,001,f001048,,
p001015,001,f001049,,
p001247,001,f001050,,
p001090,001,f001051,,
p001193,001,f001052,,
p001288,001,f001053,,
p001155,001,f001054,,
p001192,001,f001055,,
p001083,001,f001056,,
p001197,001,f001057,,
p001146,001,f001058,,
p001077,001,f001059,,
p001059,001,f001060,,
p001147,001,f001061,,
p001195,001,f001062,,
p001135,001,f001063,,
p001297,001,f001064,,
p001237,001,f001065,,
p001152,001,f001066,,
p001020,001,f001067,,
p001120,001,f001068,,
p001130,001,f001069,,
p001117,001,f001070,,
p001230,001,f001071,,
p001223,001,f001072,,
p001261,001,f001073,,
p001008,001,f001074,,
p001053,001,f001075,,
p001095,001,f001076,,
p001210,001,f001077,,
p001161,001,f001078,,
p001112,001,f001079,,
p001076,001,f001080,,
p001201,001,f001081,,
p001228,001,f001082,,
p001156,001,f001083,,
p001084,001,f001084,,
p001283,001,f001085,,
p001269,001,f001086,,
p001243,001,f001087,,
p001131,001,f001088,,
p001298,001,f001089,,
p001039,001,f001090,,
p001202,001,f001091,,
p001238,001,f001092,,
p001290,001,f001093,,
p001127,001,f001094,,
p001256,001,f001095,,
p001189,001,f001096,,
p001242,001,f001097,,
p001014,001,f001098,,
p001250,001,f001099,,
p001262,001,f001100,,
p001056,001,f001101,,
p001165,001,f001102,,
p001182,001,f001103,,
p001104,001,f001104,,
p001126,001,f001105,,
p001145,001,f001106,,
p001203,001,f001107,,
p001047,001,f001108,,
p001068,001,f001109,,
p001272,001,f001110,,
p001048,001,f001111,,
p001276,001,f001112,,
p001158,001,f001113,,
p001029,001,f001114,,
p001241,001,f001115,,
p001088,001,f001116,,
p001097,001,f001117,,
p001049,001,f001118,,
p001293,001,f001119,,
p001258,001,f001120,,
p001281,001,f001121,,
p001177,001,f001122,,
p001046,001,f001123,,
p001259,001,f001124,,
p001100,001,f001125,,
p001200,001,f001126,,
p001144,001,f001127,,
p001234,001,f001128,,
p001101,001,f001129,,
p001251,001,f001130,,
p001233,001,f001131,,
p001071,001,f001132,,
p001103,001,f001133,,
p001253,001,f001134,,
p001099,001,f001135,,
p001069,001,f001136,,
p001073,001,f001137,,
p001018,001,f001138,,
p001115,001,f001139,,
p001248,001,f001140,,
p001139,001,f001141,,
p001244,001,f001142,,
p001017,001,f001143,,
p001132,001,f001144,,
p001140,001,f001145,,
p001170,001,f001146,,
p001019,001,f001147,,
p001079,001,f001148,,
p001121,001,f001149,,
p001218,001,f001150,,
p001136,001,f001151,,
p001134,001,f001152,,
p001252,001,f001153,,
p001257,001,f001154,,
p001086,001,f001155,,
p001249,001,f001156,,
p001220,001,f001157,,
p001044,001,f001158,,
p001016,001,f001159,,
p001081,001,f001160,,
p001072,001,f001161,,
p001175,001,f001162,,
p001058,001,f001163,,
p001030,001,f001164,,
p001124,001,f001165,,
p001075,001,f001166,,
p001067,001,f001167,,
p001213,001,f001168,,
p001043,001,f001169,,
p001169,001,f001170,,
p001070,001,f001171,,
p001033,001,f001172,,
p001266,001,f001173,,
p001226,001,f001174,,
p001164,001,f001175,,
p001045,001,f001176,,
p001188,001,f001177,,
p001160,001,f001178,,
p001025,001,f001179,,
p001098,001,f001180,,
p001141,001,f001181,,
p001219,001,f001182,,
p001125,001,f001183,,
p001199,001,f001184,,
p001114,001,f001185,,
p001110,001,f001186,,
p001222,001,f001187,,
p001013,001,f001188,,
p001274,001,f001189,,
p001287,001,f001190,,
p001109,001,f001191,,
p001167,001,f001192,,
p001037,001,f001193,,
p001278,001,f001194,,
p001289,001,f001195,,
p001294,001,f001196,,
p001205,001,f001197,,
p001277,001,f001198,,
p001119,001,f001199,,
p001129,001,f001200,,
p001214,001,f001201,,
p001186,001,f001202,,
p001194,001,f001203,,
p001240,001,f001204,,
p001225,001,f001205,,
p001062,001,f001206,,
p001267,001,f001207,,
p001122,001,f001208,,
p001280,001,f001209,,
p001204,001,f001210,,
p001168,001,f001211,,
p001064,001,f001212,,
p001010,001,f001213,,
p001009,001,f001214,,
p001273,001,f001215,,
p001239,001,f001216,,
p001148,001,f001217,,
p001270,001,f001218,,
p001236,001,f001219,,
p001011,001,f001220,,
p001102,001,f001221,,
p001255,001,f001222,,
p001066,001,f001223,,
p001206,001,f001224,,
p001087,001,f001225,,
p001031,001,f001226,,
p001143,001,f001227,,
p001006,001,f001228,,
p001166,001,f001229,,
p001111,001,f001230,,
p001183,001,f001231,,
p001027,001,f001232,,
p001005,001,f001233,,
p001184,001,f001234,,
p001042,001,f001235,,
p001299,001,f001236,,
p001190,001,f001237,,
p001022,001,f001238,,
p001275,001,f001239,,
p001207,001,f001240,,
p001004,001,f001241,,
p001032,001,f001242,,
p001292,001,f001243,,
p001286,001,f001244,,
p001284,001,f001245,,
p001080,001,f001246,,
p001041,001,f001247,,
p001154,001,f001248,,
p001291,001,f001249,,
p001295,001,f001250,,
p001300,001,f001251,,
p001074,001,f001252,,
p001063,001,f001253,,
p001054,001,f001254,,
p001159,001,f001255,,
p001060,001,f001256,,
p001215,001,f001257,,
p001198,001,f001258,,
p001174,001,f001259,,
p001105,001,f001260,,
p001036,001,f001261,,
p001138,001,f001262,,
p001085,001,f001263,,
p001265,001,f001264,,
p001028,001,f001265,,
p001181,001,f001266,,
p001061,001,f001267,,
p001279,001,f001268,,
p001235,001,f001269,,
p001176,001,f001270,,
p001263,001,f001271,,
p001254,001,f001272,,
p001096,001,f001273,,
p001217,001,f001274,,
p001057,001,f001275,,
p001211,001,f001276,,
p001108,001,f001277,,
p001133,001,f001278,,
p001187,001,f001279,,
p001208,001,f001280,,
p001163,001,f001281,,
p001113,001,f001282,,
p001034,001,f001283,,
p001212,001,f001284,,
p001231,001,f001285,,
p001260,001,f001286,,
p001191,001,f001287,,
p001285,001,f001288,,
p001003,001,f001289,,
p001128,001,f001290,,
p001178,001,f001291,,
p001150,001,f001292,,
p001209,001,f001293,,
p001038,001,f001294,,
p001001,001,f001295,,
p001137,001,f001296,,
p001002,001,f001297,,
p001271,001,f001298,,
p001196,001,f001299,,
p001162,001,f001300,,
p002137,002,f002001,,
p002253,002,f002002,,
p002058,002,f002003,,
p002126,002,f002004,,
p002194,002,f002005,,
p002190,002,f002006,,
p002008,002,f002007,,
p002242,002,f002008,,
p002265,002,f002009,,
p002149,002,f002010,,
p002023,002,f002011,,
p002202,002,f002012,,
p002177,002,f002013,,
p002081,002,f002014,,
p002044,002,f002015,,
p002189,002,f002016,,
p002169,002,f002017,,
p002278,002,f002018,,
p002272,002,f002019,,
p002237,002,f002020,,
p002133,002,f002021,,
p002012,002,f002022,,
p002266,002,f002023,,
p002066,002,f002024,,
p002193,002,f002025,,
p002129,002,f002026,,
p002249,002,f002027,,
p002050,002,f002028,,
p002136,002,f002029,,
p002094,002,f002030,,
p002056,002,f002031,,
p002007,002,f002032,,
p002203,002,f002033,,
p002119,002,f002034,,
p002184,002,f002035,,
p002256,002,f002036,,
p002162,002,f002037,,
p002160,002,f002038,,
p002096,002,f002039,,
p002228,002,f002040,,
p002206,002,f002041,,
p002213,002,f002042,,
p002041,002,f002043,,
p002200,002,f002044,,
p002019,002,f002045,,
p002260,002,f002046,,
p002236,002,f002047,,
p002025,002,f002048,,
p002274,002,f002049,,
p002165,002,f002050,,
p002084,002,f002051,,
p002004,002,f002052,,
p002139,002,f002053,,
p002210,002,f002054,,
p002022,002,f002055,,
p002118,002,f002056,,
p002049,002,f002057,,
p002235,002,f002058,,
p002039,002,f002059,,
p002270,002,f002060,,
p002114,002,f002061,,
p002033,002,f002062,,
p002232,002,f002063,,
p002273,002,f002064,,
p002231,002,f002065,,
p002216,002,f002066,,
p002144,002,f002067,,
p002224,002,f002068,,
p002020,002,f002069,,
p002157,002,f002070,,
p002062,002,f002071,,
p002127,002,f002072,,
p002218,002,f002073,,
p002104,002,f002074,,
p002073,002,f002075,,
p002182,002,f002076,,
p002083,002,f002077,,
p002275,002,f002078,,
p002158,002,f002079,,
p002024,002,f002080,,
p002211,002,f002081,,
p002159,002,f002082,,
p002036,002,f002083,,
p002074,002,f002084,,
p002086,002,f002085,,
p002267,002,f002086,,
p002252,002,f002087,,
p002097,002,f002088,,
p002014,002,f002089,,
p002002,002,f002090,,
p002138,002,f002091,,
p002247,002,f002092,,
p002166,002,f002093,,
p002013,002,f002094,,
p002011,002,f002095,,
p002215,002,f002096,,
p002176,002,f002097,,
p002257,002,f002098,,
p002125,002,f002099,,
p002173,002,f002100,,
p002244,002,f002101,,
p002043,002,f002102,,
p002026,002,f002103,,
p002163,002,f002104,,
p002093,002,f002105,,
p002205,002,f002106,,
p002090,002,f002107,,
p002110,002,f002108,,
p002065,002,f002109,,
p002111,002,f002110,,
p002134,002,f002111,,
p002207,002,f002112,,
p002080,002,f002113,,
p002098,002,f002114,,
p002070,002,f002115,,
p002088,002,f002116,,
p002170,002,f002117,,
p002063,002,f002118,,
p002279,002,f002119,,
p002263,002,f002120,,
p002069,002,f002121,,
p002245,002,f002122,,
p002046,002,f002123,,
p002229,002,f002124,,
p002212,002,f002125,,
p002188,002,f002126,,
p002171,002,f002127,,
p002254,002,f002128,,
p002124,002,f002129,,
p002105,002,f002130,,
p002067,002,f002131,,
p002280,002,f002132,,
p002028,002,f002133,,
p002196,002,f002134,,
p002246,002,f002135,,
p002051,002,f002136,,
p002150,002,f002137,,
p002016,002,f002138,,
p002146,002,f002139,,
p002078,002,f002140,,
p002089,002,f002141,,
p002128,002,f002142,,
p002222,002,f002143,,
p002001,002,f002144,,
p002095,002,f002145,,
p002174,002,f002146,,
p002102,002,f002147,,
p002061,002,f002148,,
p002156,002,f002149,,
p002009,002,f002150,,
p002031,002,f002151,,
p002072,002,f002152,,
p002053,002,f002153,,
p002183,002,f002154,,
p002233,002,f002155,,
p002223,002,f002156,,
p002057,002,f002157,,
p002186,002,f002158,,
p002107,002,f002159,,
p002021,002,f002160,,
p002227,002,f002161,,
p002191,002,f002162,,
p002181,002,f002163,,
p002164,002,f002164,,
p002130,002,f002165,,
p002047,002,f002166,,
p002241,002,f002167,,
p002121,002,f002168,,
p002167,002,f002169,,
p002037,002,f002170,,
p002209,002,f002171,,
p002248,002,f002172,,
p002048,002,f002173,,
p002132,002,f002174,,
p002116,002,f002175,,
p002109,002,f002176,,
p002185,002,f002177,,
p002038,002,f002178,,
p002092,002,f002179,,
p002201,002,f002180,,
p002064,002,f002181,,
p002071,002,f002182,,
p002234,002,f002183,,
p002106,002,f002184,,
p002198,002,f002185,,
p002034,002,f002186,,
p002006,002,f002187,,
p002277,002,f002188,,
p002079,002,f002189,,
p002268,002,f002190,,
p002259,002,f002191,,
p002262,002,f002192,,
p002030,002,f002193,,
p002175,002,f002194,,
p002112,002,f002195,,
p002122,002,f002196,,
p002032,002,f002197,,
p002103,002,f002198,,
p002199,002,f002199,,
p002123,002,f002200,,
p002168,002,f002201,,
p002018,002,f002202,,
p002087,002,f002203,,
p002029,002,f002204,,
p002085,002,f002205,,
p002005,002,f002206,,
p002010,002,f002207,,
p002153,002,f002208,,
p002054,002,f002209,,
p002255,002,f002210,,
p002055,002,f002211,,
p002101,002,f002212,,
p002082,002,f002213,,
p002099,002,f002214,,
p002120,002,f002215,,
p002154,002,f002216,,
p002179,002,f002217,,
p002035,002,f002218,,
p002015,002,f002219,,
p002027,002,f002220,,
p002195,002,f002221,,
p002258,002,f002222,,
p002152,002,f002223,,
p002261,002,f002224,,
p002276,002,f002225,,
p002208,002,f002226,,
p002147,002,f002227,,
p002075,002,f002228,,
p002269,002,f002229,,
p002178,002,f002230,,
p002187,002,f002231,,
p002003,002,f002232,,
p002143,002,f002233,,
p002100,002,f002234,,
p002221,002,f002235,,
p002240,002,f002236,,
p002172,002,f002237,,
p002220,002,f002238,,
p002197,002,f002239,,
p002250,002,f002240,,
p002264,002,f002241,,
p002060,002,f002242,,
p002017,002,f002243,,
p002204,002,f002244,,
p002155,002,f002245,,
p002059,002,f002246,,
p002052,002,f002247,,
p002117,002,f002248,,
p002238,002,f002249,,
p002142,002,f002250,,
p002091,002,f002251,,
p002115,002,f002252,,
p002251,002,f002253,,
p002219,002,f002254,,
p002135,002,f002255,,
p002243,002,f002256,,
p002192,002,f002257,,
p002076,002,f002258,,
p002239,002,f002259,,
p002161,002,f002260,,
p002045,002,f002261,,
p002077,002,f002262,,
p002131,002,f002263,,
p002068,002,f002264,,
p002040,002,f002265,,
p002145,002,f002266,,
p002108,002,f002267,,
p002214,002,f002268,,
p002141,002,f002269,,
p002230,002,f002270,,
p002113,002,f002271,,
p002140,002,f002272,,
p002271,002,f002273,,
p002225,002,f002274,,
p002217,002,f002275,,
p002151,002,f002276,,
p002226,002,f002277,,
p002148,002,f002278,,
p002042,002,f002279,,
p002180,002,f002280,,
