-- MySQL dump 10.13  Distrib 8.0.22, for Win64 (x86_64)
--
-- Host: 127.0.0.1    Database: ssh_crud
-- ------------------------------------------------------
-- Server version	8.0.22

/*!40101 SET @OLD_CHARACTER_SET_CLIENT=@@CHARACTER_SET_CLIENT */;
/*!40101 SET @OLD_CHARACTER_SET_RESULTS=@@CHARACTER_SET_RESULTS */;
/*!40101 SET @OLD_COLLATION_CONNECTION=@@COLLATION_CONNECTION */;
/*!50503 SET NAMES utf8mb4 */;
/*!40103 SET @OLD_TIME_ZONE=@@TIME_ZONE */;
/*!40103 SET TIME_ZONE='+00:00' */;
/*!40014 SET @OLD_UNIQUE_CHECKS=@@UNIQUE_CHECKS, UNIQUE_CHECKS=0 */;
/*!40014 SET @OLD_FOREIGN_KEY_CHECKS=@@FOREIGN_KEY_CHECKS, FOREIGN_KEY_CHECKS=0 */;
/*!40101 SET @OLD_SQL_MODE=@@SQL_MODE, SQL_MODE='NO_AUTO_VALUE_ON_ZERO' */;
/*!40111 SET @OLD_SQL_NOTES=@@SQL_NOTES, SQL_NOTES=0 */;

--
-- Table structure for table `admin`
--

DROP TABLE IF EXISTS `admin`;
/*!40101 SET @saved_cs_client     = @@character_set_client */;
/*!50503 SET character_set_client = utf8mb4 */;
CREATE TABLE `admin` (
  `id` varchar(20) NOT NULL,
  `password` varchar(20) DEFAULT '123456',
  PRIMARY KEY (`id`)
) ENGINE=InnoDB DEFAULT CHARSET=utf8mb4 COLLATE=utf8mb4_0900_ai_ci;
/*!40101 SET character_set_client = @saved_cs_client */;

--
-- Dumping data for table `admin`
--

LOCK TABLES `admin` WRITE;
/*!40000 ALTER TABLE `admin` DISABLE KEYS */;
INSERT INTO `admin` VALUES ('admin1','123456');
/*!40000 ALTER TABLE `admin` ENABLE KEYS */;
UNLOCK TABLES;

--
-- Table structure for table `building`
--

DROP TABLE IF EXISTS `building`;
/*!40101 SET @saved_cs_client     = @@character_set_client */;
/*!50503 SET character_set_client = utf8mb4 */;
CREATE TABLE `building` (
  `id` varchar(20) NOT NULL,
  `h_e_id` varchar(20) NOT NULL,
  `b_adress` varchar(20) NOT NULL,
  `b_family` int DEFAULT '0',
  `floor` int DEFAULT '0',
  `unit` int DEFAULT '0',
  `room` int DEFAULT '0',
  PRIMARY KEY (`id`),
  KEY `h_e_id` (`h_e_id`),
  CONSTRAINT `building_ibfk_1` FOREIGN KEY (`h_e_id`) REFERENCES `housing_estate` (`id`)
) ENGINE=InnoDB DEFAULT CHARSET=utf8mb4 COLLATE=utf8mb4_0900_ai_ci;
/*!40101 SET character_set_client = @saved_cs_client */;

--
-- Dumping data for table `building`
--

LOCK TABLES `building` WRITE;
/*!40000 ALTER TABLE `building` DISABLE KEYS */;
INSERT INTO `building` VALUES ('b00101','001','A栋',38,9,3,54),('b00102','001','B栋',38,9,3,54),('b00103','001','C栋',38,9,3,54),('b00104','001','D栋',38,9,3,54),('b00105','001','E栋',37,9,3,54),('b00106','001','F栋',37,9,3,54),('b00107','001','G栋',37,9,3,54),('b00108','001','H栋',37,9,3,54),('b00109','001','I栋',40,10,3,50),('b00201','002','A栋',47,12,2,48),('b00202','002','B栋',47,12,2,48),('b00203','002','C栋',47,12,2,48),('b00204','002','D栋',47,12,2,48),('b00205','002','E栋',46,12,2,48),('b00206','002','F栋',46,12,2,48),('b00207','002','bbb',NULL,NULL,NULL,NULL);
/*!40000 ALTER TABLE `building` ENABLE KEYS */;
UNLOCK TABLES;

--
-- Table structure for table `car`
--

DROP TABLE IF EXISTS `car`;
/*!40101 SET @saved_cs_client     = @@character_set_client */;
/*!50503 SET character_set_client = utf8mb4 */;
CREATE TABLE `car` (
  `id` varchar(20) NOT NULL,
  `f_id` varchar(20) NOT NULL,
  `color` varchar(20) NOT NULL,
  `brand` varchar(20) NOT NULL,
  `model` varchar(20) DEFAULT NULL,
  PRIMARY KEY (`id`),
  KEY `car_ibfk_1` (`f_id`),
  CONSTRAINT `car_ibfk_1` FOREIGN KEY (`f_id`) REFERENCES `family` (`id`)
) ENGINE=InnoDB DEFAULT CHARSET=utf8mb4 COLLATE=utf8mb4_0900_ai_ci;
/*!40101 SET character_set_client = @saved_cs_client */;

--
-- Dumping data for table `car`
--

LOCK TABLES `car` WRITE;
/*!40000 ALTER TABLE `car` DISABLE KEYS */;
INSERT INTO `car` VALUES ('f0010011','f001001','黑','比亚迪','MPV'),('f0010031','f001003','黑','奔驰','MPV'),('f0010051','f001005','白','宝马','CDV'),('f0010071','f001007','银灰','大众','SUV'),('f0010111','f001011','黑','大众','CDV'),('f0010131','f001013','黑','比亚迪','MPV'),('f0010151','f001015','黑','奔驰','SUV'),('f0010161','f001016','黑','大众','MPV'),('f0010171','f001017','银灰','宝马','CDV'),('f0010191','f001019','黑','奥迪','紧凑型'),('f0010201','f001020','黑','奥迪','SUV'),('f0010281','f001028','银灰','奔驰','SUV'),('f0010291','f001029','黑','奥迪','紧凑型'),('f0010301','f001030','黑','比亚迪','CDV'),('f0010311','f001031','黑','比亚迪','CDV'),('f0010381','f001038','黑','奥迪','SUV'),('f0010391','f001039','银灰','奔驰','MPV'),('f0010401','f001040','黑','宝马','SUV'),('f0010411','f001041','银灰','大众','SUV'),('f0010431','f001043','银灰','比亚迪','SUV'),('f0010441','f001044','黑','比亚迪','CDV'),('f0010471','f001047','银灰','比亚迪','SUV'),('f0010481','f001048','黑','比亚迪','MPV'),('f0010491','f001049','黑','比亚迪','MPV'),('f0010501','f001050','黑','宝马','CDV'),('f0010511','f001051','银灰','比亚迪','SUV'),('f0010531','f001053','黑','宝马','紧凑型'),('f0010551','f001055','银灰','大众','紧凑型'),('f0010561','f001056','银灰','奥迪','MPV'),('f0010571','f001057','银灰','奔驰','SUV'),('f0010581','f001058','银灰','奔驰','SUV'),('f0010611','f001061','白','比亚迪','紧凑型'),('f0010661','f001066','白','宝马','MPV'),('f0010671','f001067','银灰','大众','紧凑型'),('f0010681','f001068','红','奔驰','MPV'),('f0010691','f001069','黑','奔驰','SUV'),('f0010721','f001072','黑','宝马','MPV'),('f0010751','f001075','黑','大众','紧凑型'),('f0010791','f001079','白','奥迪','CDV'),('f0010811','f001081','银灰','宝马','SUV'),('f0010821','f001082','黑','大众','紧凑型'),('f0010851','f001085','红','宝马','SUV'),('f0010861','f001086','白','比亚迪','CDV'),('f0010971','f001097','黑','比亚迪','CDV'),('f0010981','f001098','黑','宝马','SUV'),('f0011011','f001101','黑','奔驰','MPV'),('f0011021','f001102','黑','奥迪','SUV'),('f0011031','f001103','白','宝马','CDV'),('f0011041','f001104','黑','奔驰','CDV'),('f0011051','f001105','白','宝马','CDV'),('f0011061','f001106','黑','宝马','CDV'),('f0011101','f001110','白','大众','CDV'),('f0011121','f001112','黑','奥迪','SUV'),('f0011131','f001113','黑','比亚迪','紧凑型'),('f0011141','f001114','红','奔驰','MPV'),('f0011171','f001117','黑','奔驰','MPV'),('f0011191','f001119','白','比亚迪','紧凑型'),('f0011201','f001120','白','比亚迪','紧凑型'),('f0011211','f001121','黑','比亚迪','紧凑型'),('f0011261','f001126','白','比亚迪','MPV'),('f0011321','f001132','银灰','奔驰','紧凑型'),('f0011341','f001134','红','奔驰','SUV'),('f0011381','f001138','银灰','奔驰','紧凑型'),('f0011391','f001139','白','奔驰','SUV'),('f0011421','f001142','银灰','大众','SUV'),('f0011441','f001144','白','宝马','紧凑型'),('f0011451','f001145','黑','奔驰','CDV'),('f0011461','f001146','黑','奔驰','紧凑型'),('f0011471','f001147','黑','宝马','SUV'),('f0011491','f001149','黑','比亚迪','MPV'),('f0011501','f001150','黑','比亚迪','MPV'),('f0011521','f001152','白','比亚迪','SUV'),('f0011541','f001154','黑','奥迪','SUV'),('f0011551','f001155','黑','奔驰','SUV'),('f0011591','f001159','银灰','奔驰','SUV'),('f0011601','f001160','银灰','大众','紧凑型'),('f0011611','f001161','白','奥迪','CDV'),('f0011631','f001163','白','奥迪','SUV'),('f0011651','f001165','黑','宝马','CDV'),('f0011661','f001166','白','比亚迪','CDV'),('f0011681','f001168','黑','大众','CDV'),('f0011691','f001169','黑','奔驰','MPV'),('f0011701','f001170','黑','宝马','紧凑型'),('f0011711','f001171','白','大众','SUV'),('f0011731','f001173','黑','宝马','紧凑型'),('f0011741','f001174','黑','奔驰','SUV'),('f0011751','f001175','黑','大众','MPV'),('f0011771','f001177','黑','大众','MPV'),('f0011801','f001180','白','比亚迪','SUV'),('f0011811','f001181','黑','大众','MPV'),('f0011821','f001182','红','大众','CDV'),('f0011851','f001185','黑','比亚迪','MPV'),('f0011861','f001186','红','比亚迪','MPV'),('f0011881','f001188','银灰','奥迪','紧凑型'),('f0011891','f001189','红','奔驰','SUV'),('f0011901','f001190','黑','奥迪','SUV'),('f0011931','f001193','黑','大众','MPV'),('f0011991','f001199','白','大众','MPV'),('f0012011','f001201','黑','大众','CDV'),('f0012031','f001203','黑','大众','MPV'),('f0012041','f001204','黑','大众','SUV'),('f0012051','f001205','白','大众','MPV'),('f0012061','f001206','黑','宝马','MPV'),('f0012081','f001208','银灰','宝马','SUV'),('f0012091','f001209','黑','奥迪','MPV'),('f0012111','f001211','黑','比亚迪','CDV'),('f0012121','f001212','黑','奥迪','SUV'),('f0012201','f001220','黑','奔驰','紧凑型'),('f0012211','f001221','银灰','宝马','SUV'),('f0012221','f001222','白','奔驰','SUV'),('f0012231','f001223','银灰','大众','MPV'),('f0012241','f001224','黑','宝马','SUV'),('f0012291','f001229','黑','比亚迪','MPV'),('f0012301','f001230','黑','宝马','紧凑型'),('f0012311','f001231','银灰','比亚迪','SUV'),('f0012351','f001235','黑','宝马','紧凑型'),('f0012361','f001236','白','大众','MPV'),('f0012381','f001238','银灰','宝马','紧凑型'),('f0012391','f001239','黑','大众','紧凑型'),('f0012401','f001240','白','比亚迪','SUV'),('f0012441','f001244','黑','比亚迪','紧凑型'),('f0012451','f001245','黑','比亚迪','紧凑型'),('f0012461','f001246','银灰','比亚迪','SUV'),('f0012471','f001247','黑','比亚迪','CDV'),('f0012481','f001248','黑','宝马','MPV'),('f0012491','f001249','黑','大众','紧凑型'),('f0012521','f001252','红','奔驰','SUV'),('f0012531','f001253','黑','奔驰','紧凑型'),('f0012541','f001254','黑','大众','MPV'),('f0012601','f001260','银灰','宝马','CDV'),('f0012611','f001261','银灰','奥迪','紧凑型'),('f0012631','f001263','银灰','比亚迪','MPV'),('f0012641','f001264','黑','奥迪','紧凑型'),('f0012661','f001266','黑','比亚迪','MPV'),('f0012681','f001268','黑','比亚迪','紧凑型'),('f0012691','f001269','黑','宝马','SUV'),('f0012731','f001273','银灰','宝马','SUV'),('f0012741','f001274','黑','奔驰','SUV'),('f0012761','f001276','黑','大众','紧凑型'),('f0012771','f001277','黑','奔驰','紧凑型'),('f0012791','f001279','黑','宝马','MPV'),('f0012811','f001281','银灰','奔驰','MPV'),('f0012821','f001282','银灰','宝马','MPV'),('f0012861','f001286','黑','比亚迪','SUV'),('f0012871','f001287','白','宝马','MPV'),('f0012881','f001288','黑','奥迪','SUV'),('f0012931','f001293','黑','比亚迪','SUV'),('f0012941','f001294','黑','奔驰','CDV'),('f0012951','f001295','黑','比亚迪','SUV'),('f0013001','f001300','银灰','大众','SUV'),('f0020011','f002001','黑','比亚迪','紧凑型'),('f0020041','f002004','黑','比亚迪','MPV'),('f0020061','f002006','银灰','大众','MPV'),('f0020071','f002007','银灰','宝马','SUV'),('f0020081','f002008','黑','宝马','SUV'),('f0020091','f002009','银灰','奔驰','CDV'),('f0020111','f002011','黑','宝马','MPV'),('f0020121','f002012','银灰','奥迪','MPV'),('f0020141','f002014','白','宝马','SUV'),('f0020151','f002015','黑','比亚迪','紧凑型'),('f0020171','f002017','黑','比亚迪','MPV'),('f0020191','f002019','银灰','大众','MPV'),('f0020201','f002020','黑','大众','MPV'),('f0020231','f002023','黑','宝马','MPV'),('f0020241','f002024','银灰','大众','紧凑型'),('f0020251','f002025','黑','大众','MPV'),('f0020261','f002026','黑','奥迪','SUV'),('f0020291','f002029','黑','比亚迪','SUV'),('f0020321','f002032','银灰','大众','紧凑型'),('f0020331','f002033','白','比亚迪','SUV'),('f0020351','f002035','黑','奔驰','紧凑型'),('f0020421','f002042','黑','奔驰','MPV'),('f0020441','f002044','黑','奥迪','紧凑型'),('f0020461','f002046','银灰','比亚迪','SUV'),('f0020471','f002047','银灰','大众','MPV'),('f0020481','f002048','黑','比亚迪','MPV'),('f0020491','f002049','白','奔驰','MPV'),('f0020501','f002050','黑','宝马','SUV'),('f0020521','f002052','黑','奔驰','CDV'),('f0020581','f002058','银灰','比亚迪','CDV'),('f0020591','f002059','黑','奥迪','SUV'),('f0020601','f002060','黑','比亚迪','紧凑型'),('f0020631','f002063','白','大众','紧凑型'),('f0020651','f002065','白','大众','紧凑型'),('f0020671','f002067','黑','大众','MPV'),('f0020681','f002068','银灰','奔驰','MPV'),('f0020691','f002069','银灰','大众','MPV'),('f0020721','f002072','黑','比亚迪','SUV'),('f0020731','f002073','白','比亚迪','MPV'),('f0020751','f002075','银灰','比亚迪','CDV'),('f0020791','f002079','黑','比亚迪','紧凑型'),('f0020811','f002081','黑','大众','MPV'),('f0020821','f002082','黑','宝马','MPV'),('f0020841','f002084','黑','比亚迪','SUV'),('f0020861','f002086','黑','大众','紧凑型'),('f0020891','f002089','黑','大众','MPV'),('f0020901','f002090','黑','宝马','MPV'),('f0020931','f002093','黑','奔驰','SUV'),('f0020961','f002096','红','宝马','紧凑型'),('f0020971','f002097','红','大众','SUV'),('f0021041','f002104','黑','宝马','CDV'),('f0021051','f002105','黑','奔驰','紧凑型'),('f0021071','f002107','黑','奔驰','MPV'),('f0021091','f002109','银灰','宝马','MPV'),('f0021101','f002110','银灰','比亚迪','MPV'),('f0021111','f002111','银灰','奔驰','MPV'),('f0021121','f002112','银灰','奥迪','CDV'),('f0021141','f002114','银灰','比亚迪','MPV'),('f0021151','f002115','黑','奔驰','紧凑型'),('f0021201','f002120','银灰','奥迪','SUV'),('f0021221','f002122','白','比亚迪','SUV'),('f0021231','f002123','红','比亚迪','SUV'),('f0021241','f002124','银灰','大众','紧凑型'),('f0021271','f002127','黑','宝马','CDV'),('f0021331','f002133','银灰','比亚迪','紧凑型'),('f0021371','f002137','黑','奥迪','MPV'),('f0021411','f002141','黑','奥迪','CDV'),('f0021421','f002142','黑','比亚迪','MPV'),('f0021441','f002144','黑','大众','CDV'),('f0021451','f002145','黑','奔驰','MPV'),('f0021511','f002151','银灰','奥迪','SUV'),('f0021531','f002153','黑','比亚迪','紧凑型'),('f0021541','f002154','黑','奔驰','MPV'),('f0021551','f002155','黑','大众','MPV'),('f0021561','f002156','黑','奔驰','紧凑型'),('f0021571','f002157','银灰','宝马','MPV'),('f0021581','f002158','银灰','奔驰','MPV'),('f0021591','f002159','红','大众','SUV'),('f0021601','f002160','黑','奥迪','SUV'),('f0021611','f002161','银灰','奥迪','紧凑型'),('f0021681','f002168','黑','奔驰','MPV'),('f0021701','f002170','黑','奔驰','SUV'),('f0021711','f002171','黑','大众','CDV'),('f0021721','f002172','黑','奔驰','SUV'),('f0021731','f002173','银灰','大众','MPV'),('f0021741','f002174','黑','奔驰','SUV'),('f0021761','f002176','红','宝马','MPV'),('f0021791','f002179','银灰','比亚迪','SUV'),('f0021801','f002180','银灰','大众','紧凑型'),('f0021811','f002181','黑','宝马','MPV'),('f0021831','f002183','黑','比亚迪','MPV'),('f0021861','f002186','黑','奔驰','SUV'),('f0021871','f002187','黑','比亚迪','SUV'),('f0021901','f002190','银灰','比亚迪','CDV'),('f0021921','f002192','黑','奔驰','紧凑型'),('f0021951','f002195','黑','大众','SUV'),('f0021991','f002199','黑','宝马','紧凑型'),('f0022011','f002201','黑','奔驰','紧凑型'),('f0022021','f002202','银灰','比亚迪','紧凑型'),('f0022031','f002203','黑','宝马','SUV'),('f0022041','f002204','黑','奔驰','紧凑型'),('f0022071','f002207','白','比亚迪','MPV'),('f0022081','f002208','黑','奥迪','MPV'),('f0022091','f002209','红','大众','SUV'),('f0022211','f002221','银灰','奔驰','SUV'),('f0022221','f002222','黑','宝马','CDV'),('f0022231','f002223','红','比亚迪','紧凑型'),('f0022271','f002227','黑','比亚迪','SUV'),('f0022281','f002228','黑','大众','SUV'),('f0022301','f002230','黑','大众','SUV'),('f0022321','f002232','黑','比亚迪','紧凑型'),('f0022331','f002233','黑','大众','MPV'),('f0022381','f002238','黑','宝马','紧凑型'),('f0022391','f002239','白','大众','SUV'),('f0022411','f002241','银灰','宝马','MPV'),('f0022421','f002242','红','大众','SUV'),('f0022451','f002245','白','大众','CDV'),('f0022461','f002246','黑','奔驰','CDV'),('f0022471','f002247','黑','奥迪','SUV'),('f0022501','f002250','银灰','比亚迪','CDV'),('f0022511','f002251','黑','奥迪','CDV'),('f0022521','f002252','银灰','比亚迪','MPV'),('f0022551','f002255','黑','大众','CDV'),('f0022561','f002256','黑','奔驰','MPV'),('f0022601','f002260','黑','比亚迪','SUV'),('f0022651','f002265','白','宝马','SUV'),('f0022671','f002267','黑','比亚迪','SUV'),('f0022681','f002268','红','比亚迪','紧凑型'),('f0022691','f002269','黑','奔驰','MPV'),('f0022701','f002270','黑','大众','紧凑型'),('f0022721','f002272','银灰','奔驰','SUV'),('f0022731','f002273','黑','比亚迪','紧凑型'),('f0022791','f002279','红','奥迪','SUV'),('f0022801','f002280','银灰','大众','MPV');
/*!40000 ALTER TABLE `car` ENABLE KEYS */;
UNLOCK TABLES;

--
-- Table structure for table `family`
--

DROP TABLE IF EXISTS `family`;
/*!40101 SET @saved_cs_client     = @@character_set_client */;
/*!50503 SET character_set_client = utf8mb4 */;
CREATE TABLE `family` (
  `id` varchar(20) NOT NULL,
  `h_e_id` varchar(20) NOT NULL,
  `family_number` varchar(20) NOT NULL,
  `parking` int DEFAULT '0',
  `pet` int DEFAULT '0',
  `people` int DEFAULT '0',
  `car` int DEFAULT '0',
  PRIMARY KEY (`id`),
  KEY `h_e_id` (`h_e_id`),
  CONSTRAINT `family_ibfk_1` FOREIGN KEY (`h_e_id`) REFERENCES `housing_estate` (`id`)
) ENGINE=InnoDB DEFAULT CHARSET=utf8mb4 COLLATE=utf8mb4_0900_ai_ci;
/*!40101 SET character_set_client = @saved_cs_client */;

--
-- Dumping data for table `family`
--

LOCK TABLES `family` WRITE;
/*!40000 ALTER TABLE `family` DISABLE KEYS */;
INSERT INTO `family` VALUES ('f001001','001','A栋1011',1,1,4,1),('f001002','001','A栋1012',1,0,3,0),('f001003','001','A栋1021',1,1,8,1),('f001004','001','A栋1022',0,1,7,0),('f001005','001','A栋1031',1,1,8,1),('f001006','001','A栋1032',1,1,8,0),('f001007','001','A栋1041',0,1,6,1),('f001008','001','A栋1042',0,1,7,0),('f001009','001','A栋1051',1,0,5,0),('f001010','001','A栋1052',0,0,1,0),('f001011','001','A栋1061',0,0,8,1),('f001012','001','A栋1062',1,1,6,0),('f001013','001','A栋1071',0,2,4,1),('f001014','001','A栋1072',1,0,2,0),('f001015','001','A栋1081',0,1,6,1),('f001016','001','A栋1082',0,1,4,1),('f001017','001','A栋1091',0,2,8,1),('f001018','001','A栋1092',0,1,7,0),('f001019','001','A栋2011',0,0,3,1),('f001020','001','A栋2012',1,1,3,1),('f001021','001','A栋2021',0,1,5,0),('f001022','001','A栋2022',0,1,5,0),('f001023','001','A栋2031',1,0,4,0),('f001024','001','A栋2032',1,0,1,0),('f001025','001','A栋2041',0,1,8,0),('f001026','001','A栋2042',1,0,1,0),('f001027','001','A栋2051',1,2,1,0),('f001028','001','A栋2052',1,0,8,1),('f001029','001','A栋2061',1,0,6,1),('f001030','001','A栋2062',0,1,7,1),('f001031','001','A栋2071',1,0,5,1),('f001032','001','A栋2072',1,2,7,0),('f001033','001','A栋2081',0,1,1,0),('f001034','001','A栋2082',0,0,4,0),('f001035','001','A栋2091',0,1,5,0),('f001036','001','A栋2092',1,0,3,0),('f001037','001','A栋3011',1,1,3,0),('f001038','001','A栋3012',1,1,8,1),('f001039','001','B栋1011',0,2,5,1),('f001040','001','B栋1012',1,2,6,1),('f001041','001','B栋1021',0,2,6,1),('f001042','001','B栋1022',0,2,8,0),('f001043','001','B栋1031',0,1,5,1),('f001044','001','B栋1032',0,2,1,1),('f001045','001','B栋1041',0,2,7,0),('f001046','001','B栋1042',1,2,2,0),('f001047','001','B栋1051',0,0,2,1),('f001048','001','B栋1052',1,2,5,1),('f001049','001','B栋1061',1,1,2,1),('f001050','001','B栋1062',1,1,1,1),('f001051','001','B栋1071',1,2,1,1),('f001052','001','B栋1072',0,1,2,0),('f001053','001','B栋1081',1,0,1,1),('f001054','001','B栋1082',0,1,7,0),('f001055','001','B栋1091',1,0,8,1),('f001056','001','B栋1092',0,1,8,1),('f001057','001','B栋2011',1,0,6,1),('f001058','001','B栋2012',0,0,1,1),('f001059','001','B栋2021',1,0,4,0),('f001060','001','B栋2022',0,0,7,0),('f001061','001','B栋2031',0,0,4,1),('f001062','001','B栋2032',1,2,7,0),('f001063','001','B栋2041',1,1,3,0),('f001064','001','B栋2042',0,2,7,0),('f001065','001','B栋2051',1,2,1,0),('f001066','001','B栋2052',0,0,8,1),('f001067','001','B栋2061',0,1,4,1),('f001068','001','B栋2062',0,0,5,1),('f001069','001','B栋2071',1,2,2,1),('f001070','001','B栋2072',1,1,8,0),('f001071','001','B栋2081',0,2,4,0),('f001072','001','B栋2082',0,1,8,1),('f001073','001','B栋2091',0,1,1,0),('f001074','001','B栋2092',0,1,7,0),('f001075','001','B栋3011',0,2,2,1),('f001076','001','B栋3012',0,0,4,0),('f001077','001','C栋1011',1,1,5,0),('f001078','001','C栋1012',0,2,2,0),('f001079','001','C栋1021',1,2,8,1),('f001080','001','C栋1022',0,1,3,0),('f001081','001','C栋1031',1,0,3,1),('f001082','001','C栋1032',1,0,5,1),('f001083','001','C栋1041',1,1,4,0),('f001084','001','C栋1042',0,2,5,0),('f001085','001','C栋1051',0,0,5,1),('f001086','001','C栋1052',1,2,2,1),('f001087','001','C栋1061',1,0,7,0),('f001088','001','C栋1062',1,2,5,0),('f001089','001','C栋1071',1,2,1,0),('f001090','001','C栋1072',0,1,2,0),('f001091','001','C栋1081',1,1,8,0),('f001092','001','C栋1082',0,1,4,0),('f001093','001','C栋1091',1,2,7,0),('f001094','001','C栋1092',0,0,6,0),('f001095','001','C栋2011',0,2,4,0),('f001096','001','C栋2012',1,0,3,0),('f001097','001','C栋2021',0,0,2,1),('f001098','001','C栋2022',1,2,7,1),('f001099','001','C栋2031',1,1,1,0),('f001100','001','C栋2032',1,0,7,0),('f001101','001','C栋2041',0,1,8,1),('f001102','001','C栋2042',0,2,8,1),('f001103','001','C栋2051',0,1,7,1),('f001104','001','C栋2052',1,2,1,1),('f001105','001','C栋2061',0,2,5,1),('f001106','001','C栋2062',1,2,8,1),('f001107','001','C栋2071',0,0,2,0),('f001108','001','C栋2072',0,1,3,0),('f001109','001','C栋2081',1,1,6,0),('f001110','001','C栋2082',1,2,5,1),('f001111','001','C栋2091',1,2,3,0),('f001112','001','C栋2092',1,2,2,1),('f001113','001','C栋3011',1,1,1,1),('f001114','001','C栋3012',1,2,7,1),('f001115','001','D栋1011',1,0,4,0),('f001116','001','D栋1012',1,2,4,0),('f001117','001','D栋1021',0,2,3,1),('f001118','001','D栋1022',0,2,1,0),('f001119','001','D栋1031',0,2,6,1),('f001120','001','D栋1032',1,2,3,1),('f001121','001','D栋1041',0,1,1,1),('f001122','001','D栋1042',1,1,3,0),('f001123','001','D栋1051',0,0,2,0),('f001124','001','D栋1052',0,2,8,0),('f001125','001','D栋1061',0,1,1,0),('f001126','001','D栋1062',1,2,8,1),('f001127','001','D栋1071',1,2,1,0),('f001128','001','D栋1072',0,2,1,0),('f001129','001','D栋1081',1,0,7,0),('f001130','001','D栋1082',1,0,6,0),('f001131','001','D栋1091',1,2,3,0),('f001132','001','D栋1092',0,2,5,1),('f001133','001','D栋2011',1,0,4,0),('f001134','001','D栋2012',1,0,7,1),('f001135','001','D栋2021',0,0,4,0),('f001136','001','D栋2022',1,0,6,0),('f001137','001','D栋2031',0,2,8,0),('f001138','001','D栋2032',1,1,8,1),('f001139','001','D栋2041',1,2,7,1),('f001140','001','D栋2042',1,1,2,0),('f001141','001','D栋2051',1,0,5,0),('f001142','001','D栋2052',1,2,8,1),('f001143','001','D栋2061',1,1,6,0),('f001144','001','D栋2062',0,0,1,1),('f001145','001','D栋2071',1,2,6,1),('f001146','001','D栋2072',1,2,3,1),('f001147','001','D栋2081',0,2,7,1),('f001148','001','D栋2082',1,1,3,0),('f001149','001','D栋2091',0,2,5,1),('f001150','001','D栋2092',0,2,1,1),('f001151','001','D栋3011',0,0,6,0),('f001152','001','D栋3012',1,1,1,1),('f001153','001','E栋1011',1,0,6,0),('f001154','001','E栋1012',1,2,1,1),('f001155','001','E栋1021',0,1,7,1),('f001156','001','E栋1022',0,0,8,0),('f001157','001','E栋1031',0,2,5,0),('f001158','001','E栋1032',1,2,2,0),('f001159','001','E栋1041',0,0,7,1),('f001160','001','E栋1042',0,2,7,1),('f001161','001','E栋1051',0,1,1,1),('f001162','001','E栋1052',0,1,8,0),('f001163','001','E栋1061',0,1,1,1),('f001164','001','E栋1062',1,2,1,0),('f001165','001','E栋1071',0,2,4,1),('f001166','001','E栋1072',0,1,5,1),('f001167','001','E栋1081',0,1,7,0),('f001168','001','E栋1082',1,1,6,1),('f001169','001','E栋1091',0,1,3,1),('f001170','001','E栋1092',0,2,8,1),('f001171','001','E栋2011',0,0,6,1),('f001172','001','E栋2012',0,0,3,0),('f001173','001','E栋2021',1,1,7,1),('f001174','001','E栋2022',0,0,8,1),('f001175','001','E栋2031',1,0,4,1),('f001176','001','E栋2032',1,2,6,0),('f001177','001','E栋2041',1,2,1,1),('f001178','001','E栋2042',1,0,6,0),('f001179','001','E栋2051',1,2,7,0),('f001180','001','E栋2052',0,2,7,1),('f001181','001','E栋2061',0,0,5,1),('f001182','001','E栋2062',1,1,8,1),('f001183','001','E栋2071',1,1,7,0),('f001184','001','E栋2072',1,2,1,0),('f001185','001','E栋2081',0,2,4,1),('f001186','001','E栋2082',0,2,1,1),('f001187','001','E栋2091',0,1,5,0),('f001188','001','E栋2092',0,1,8,1),('f001189','001','E栋3011',1,1,8,1),('f001190','001','F栋1011',0,1,7,1),('f001191','001','F栋1012',0,0,5,0),('f001192','001','F栋1021',0,2,3,0),('f001193','001','F栋1022',0,2,8,1),('f001194','001','F栋1031',0,0,4,0),('f001195','001','F栋1032',0,0,7,0),('f001196','001','F栋1041',0,2,7,0),('f001197','001','F栋1042',1,2,8,0),('f001198','001','F栋1051',0,0,1,0),('f001199','001','F栋1052',0,0,4,1),('f001200','001','F栋1061',1,1,6,0),('f001201','001','F栋1062',1,0,2,1),('f001202','001','F栋1071',0,0,3,0),('f001203','001','F栋1072',1,1,6,1),('f001204','001','F栋1081',0,1,3,1),('f001205','001','F栋1082',0,0,4,1),('f001206','001','F栋1091',0,1,7,1),('f001207','001','F栋1092',0,1,2,0),('f001208','001','F栋2011',0,1,8,1),('f001209','001','F栋2012',0,2,3,1),('f001210','001','F栋2021',0,0,3,0),('f001211','001','F栋2022',1,1,3,1),('f001212','001','F栋2031',0,2,8,1),('f001213','001','F栋2032',0,2,5,0),('f001214','001','F栋2041',0,2,3,0),('f001215','001','F栋2042',0,0,6,0),('f001216','001','F栋2051',0,0,6,0),('f001217','001','F栋2052',1,0,3,0),('f001218','001','F栋2061',1,1,4,0),('f001219','001','F栋2062',1,2,7,0),('f001220','001','F栋2071',0,0,1,1),('f001221','001','F栋2072',1,2,7,1),('f001222','001','F栋2081',0,0,7,1),('f001223','001','F栋2082',0,1,6,1),('f001224','001','F栋2091',1,0,4,1),('f001225','001','F栋2092',0,1,5,0),('f001226','001','F栋3011',1,0,4,0),('f001227','001','G栋1011',0,2,7,0),('f001228','001','G栋1012',1,0,8,0),('f001229','001','G栋1021',1,1,6,1),('f001230','001','G栋1022',1,0,6,1),('f001231','001','G栋1031',0,1,4,1),('f001232','001','G栋1032',0,0,3,0),('f001233','001','G栋1041',1,0,6,0),('f001234','001','G栋1042',1,2,5,0),('f001235','001','G栋1051',0,2,1,1),('f001236','001','G栋1052',0,2,1,1),('f001237','001','G栋1061',0,0,3,0),('f001238','001','G栋1062',0,0,8,1),('f001239','001','G栋1071',0,1,8,1),('f001240','001','G栋1072',0,0,5,1),('f001241','001','G栋1081',1,1,4,0),('f001242','001','G栋1082',0,2,3,0),('f001243','001','G栋1091',1,1,5,0),('f001244','001','G栋1092',0,2,8,1),('f001245','001','G栋2011',1,1,1,1),('f001246','001','G栋2012',1,0,4,1),('f001247','001','G栋2021',0,0,8,1),('f001248','001','G栋2022',0,1,4,1),('f001249','001','G栋2031',1,2,1,1),('f001250','001','G栋2032',1,2,7,0),('f001251','001','G栋2041',1,2,6,0),('f001252','001','G栋2042',0,2,6,1),('f001253','001','G栋2051',1,1,5,1),('f001254','001','G栋2052',0,2,6,1),('f001255','001','G栋2061',1,0,5,0),('f001256','001','G栋2062',0,0,8,0),('f001257','001','G栋2071',1,2,3,0),('f001258','001','G栋2072',1,0,5,0),('f001259','001','G栋2081',1,0,1,0),('f001260','001','G栋2082',1,1,2,1),('f001261','001','G栋2091',1,1,1,1),('f001262','001','G栋2092',1,1,5,0),('f001263','001','G栋3011',1,0,7,1),('f001264','001','H栋1011',1,2,4,1),('f001265','001','H栋1012',0,1,6,0),('f001266','001','H栋1021',0,1,1,1),('f001267','001','H栋1022',1,2,5,0),('f001268','001','H栋1031',0,1,2,1),('f001269','001','H栋1032',1,0,4,1),('f001270','001','H栋1041',1,1,3,0),('f001271','001','H栋1042',1,1,4,0),('f001272','001','H栋1051',0,0,1,0),('f001273','001','H栋1052',1,1,8,1),('f001274','001','H栋1061',1,1,6,1),('f001275','001','H栋1062',1,2,1,0),('f001276','001','H栋1071',1,0,1,1),('f001277','001','H栋1072',1,2,7,1),('f001278','001','H栋1081',0,2,4,0),('f001279','001','H栋1082',0,2,3,1),('f001280','001','H栋1091',0,0,3,0),('f001281','001','H栋1092',1,1,4,1),('f001282','001','H栋2011',1,2,3,1),('f001283','001','H栋2012',0,1,2,0),('f001284','001','H栋2021',1,2,1,0),('f001285','001','H栋2022',1,2,6,0),('f001286','001','H栋2031',0,1,2,1),('f001287','001','H栋2032',1,1,2,1),('f001288','001','H栋2041',1,0,1,1),('f001289','001','H栋2042',1,1,5,0),('f001290','001','H栋2051',0,0,6,0),('f001291','001','H栋2052',0,2,1,0),('f001292','001','H栋2061',1,1,5,0),('f001293','001','H栋2062',1,2,3,1),('f001294','001','H栋2071',0,1,1,1),('f001295','001','H栋2072',0,1,3,1),('f001296','001','H栋2081',1,0,6,0),('f001297','001','H栋2082',0,2,8,0),('f001298','001','H栋2091',0,2,1,0),('f001299','001','H栋2092',0,1,1,0),('f001300','001','H栋3011',0,1,2,1),('f002001','002','A栋1011',1,1,5,1),('f002002','002','A栋1012',0,2,4,0),('f002003','002','A栋1021',1,1,6,0),('f002004','002','A栋1022',1,2,5,1),('f002005','002','A栋1031',0,2,6,0),('f002006','002','A栋1032',1,0,6,1),('f002007','002','A栋1041',1,1,6,1),('f002008','002','A栋1042',0,1,2,1),('f002009','002','A栋1051',0,0,7,1),('f002010','002','A栋1052',0,0,7,0),('f002011','002','A栋1061',0,2,5,1),('f002012','002','A栋1062',1,1,8,1),('f002013','002','A栋1071',0,1,6,0),('f002014','002','A栋1072',0,0,4,1),('f002015','002','A栋1081',0,0,5,1),('f002016','002','A栋1082',0,1,8,0),('f002017','002','A栋1091',1,2,6,1),('f002018','002','A栋1092',1,1,4,0),('f002019','002','A栋1101',1,0,4,1),('f002020','002','A栋1102',1,2,2,1),('f002021','002','A栋1111',1,1,4,0),('f002022','002','A栋1112',1,0,7,0),('f002023','002','A栋1121',0,0,5,1),('f002024','002','A栋1122',0,2,1,1),('f002025','002','A栋2011',0,0,3,1),('f002026','002','A栋2012',1,1,1,1),('f002027','002','A栋2021',1,0,6,0),('f002028','002','A栋2022',1,2,7,0),('f002029','002','A栋2031',1,2,6,1),('f002030','002','A栋2032',0,0,7,0),('f002031','002','A栋2041',0,2,8,0),('f002032','002','A栋2042',1,1,8,1),('f002033','002','A栋2051',0,2,6,1),('f002034','002','A栋2052',0,2,1,0),('f002035','002','A栋2061',0,0,2,1),('f002036','002','A栋2062',0,2,1,0),('f002037','002','A栋2071',1,0,3,0),('f002038','002','A栋2072',0,2,5,0),('f002039','002','A栋2081',0,1,7,0),('f002040','002','A栋2082',1,2,6,0),('f002041','002','A栋2091',1,2,5,0),('f002042','002','A栋2092',1,0,2,1),('f002043','002','A栋2101',0,2,1,0),('f002044','002','A栋2102',1,2,5,1),('f002045','002','A栋2111',0,2,1,0),('f002046','002','A栋2112',1,2,3,1),('f002047','002','A栋2121',0,1,8,1),('f002048','002','B栋1011',1,2,2,1),('f002049','002','B栋1012',0,0,6,1),('f002050','002','B栋1021',0,0,4,1),('f002051','002','B栋1022',1,1,2,0),('f002052','002','B栋1031',1,1,2,1),('f002053','002','B栋1032',0,1,5,0),('f002054','002','B栋1041',1,1,8,0),('f002055','002','B栋1042',1,0,6,0),('f002056','002','B栋1051',1,2,3,0),('f002057','002','B栋1052',1,2,8,0),('f002058','002','B栋1061',0,2,8,1),('f002059','002','B栋1062',0,0,6,1),('f002060','002','B栋1071',1,0,5,1),('f002061','002','B栋1072',0,0,1,0),('f002062','002','B栋1081',1,1,5,0),('f002063','002','B栋1082',0,0,8,1),('f002064','002','B栋1091',1,1,7,0),('f002065','002','B栋1092',0,0,8,1),('f002066','002','B栋1101',0,0,6,0),('f002067','002','B栋1102',1,2,6,1),('f002068','002','B栋1111',0,2,1,1),('f002069','002','B栋1112',1,2,8,1),('f002070','002','B栋1121',0,1,2,0),('f002071','002','B栋1122',1,1,5,0),('f002072','002','B栋2011',1,2,2,1),('f002073','002','B栋2012',0,1,7,1),('f002074','002','B栋2021',1,1,2,0),('f002075','002','B栋2022',0,1,6,1),('f002076','002','B栋2031',1,0,7,0),('f002077','002','B栋2032',1,1,5,0),('f002078','002','B栋2041',0,1,7,0),('f002079','002','B栋2042',1,2,6,1),('f002080','002','B栋2051',1,2,4,0),('f002081','002','B栋2052',0,0,3,1),('f002082','002','B栋2061',1,1,8,1),('f002083','002','B栋2062',0,0,8,0),('f002084','002','B栋2071',0,1,5,1),('f002085','002','B栋2072',1,0,7,0),('f002086','002','B栋2081',0,2,1,1),('f002087','002','B栋2082',1,2,1,0),('f002088','002','B栋2091',1,2,5,0),('f002089','002','B栋2092',1,2,3,1),('f002090','002','B栋2101',1,0,7,1),('f002091','002','B栋2102',0,1,2,0),('f002092','002','B栋2111',1,1,6,0),('f002093','002','B栋2112',0,1,7,1),('f002094','002','B栋2121',0,1,1,0),('f002095','002','C栋1011',0,1,8,0),('f002096','002','C栋1012',1,2,1,1),('f002097','002','C栋1021',0,1,5,1),('f002098','002','C栋1022',1,1,3,0),('f002099','002','C栋1031',1,0,7,0),('f002100','002','C栋1032',0,2,6,0),('f002101','002','C栋1041',0,1,6,0),('f002102','002','C栋1042',1,0,2,0),('f002103','002','C栋1051',1,0,2,0),('f002104','002','C栋1052',0,0,4,1),('f002105','002','C栋1061',1,0,5,1),('f002106','002','C栋1062',0,0,8,0),('f002107','002','C栋1071',0,0,1,1),('f002108','002','C栋1072',1,2,2,0),('f002109','002','C栋1081',0,0,6,1),('f002110','002','C栋1082',0,2,3,1),('f002111','002','C栋1091',0,0,5,1),('f002112','002','C栋1092',1,0,4,1),('f002113','002','C栋1101',0,0,7,0),('f002114','002','C栋1102',0,0,2,1),('f002115','002','C栋1111',0,0,7,1),('f002116','002','C栋1112',1,0,1,0),('f002117','002','C栋1121',0,2,8,0),('f002118','002','C栋1122',1,0,8,0),('f002119','002','C栋2011',0,1,2,0),('f002120','002','C栋2012',1,1,3,1),('f002121','002','C栋2021',1,1,3,0),('f002122','002','C栋2022',1,0,4,1),('f002123','002','C栋2031',1,0,8,1),('f002124','002','C栋2032',0,2,4,1),('f002125','002','C栋2041',1,1,5,0),('f002126','002','C栋2042',0,1,1,0),('f002127','002','C栋2051',0,1,2,1),('f002128','002','C栋2052',1,2,7,0),('f002129','002','C栋2061',0,1,3,0),('f002130','002','C栋2062',0,0,3,0),('f002131','002','C栋2071',0,2,7,0),('f002132','002','C栋2072',1,1,1,0),('f002133','002','C栋2081',0,1,3,1),('f002134','002','C栋2082',0,0,6,0),('f002135','002','C栋2091',0,1,8,0),('f002136','002','C栋2092',0,2,8,0),('f002137','002','C栋2101',1,0,3,1),('f002138','002','C栋2102',1,1,3,0),('f002139','002','C栋2111',0,1,2,0),('f002140','002','C栋2112',0,1,2,0),('f002141','002','C栋2121',0,2,2,1),('f002142','002','D栋1011',1,0,4,1),('f002143','002','D栋1012',0,1,1,0),('f002144','002','D栋1021',1,2,3,1),('f002145','002','D栋1022',1,1,8,1),('f002146','002','D栋1031',1,0,6,0),('f002147','002','D栋1032',1,1,2,0),('f002148','002','D栋1041',1,2,3,0),('f002149','002','D栋1042',0,0,3,0),('f002150','002','D栋1051',0,1,4,0),('f002151','002','D栋1052',1,0,6,1),('f002152','002','D栋1061',0,2,5,0),('f002153','002','D栋1062',1,1,7,1),('f002154','002','D栋1071',0,1,8,1),('f002155','002','D栋1072',1,0,5,1),('f002156','002','D栋1081',0,0,4,1),('f002157','002','D栋1082',0,0,1,1),('f002158','002','D栋1091',0,2,7,1),('f002159','002','D栋1092',0,2,8,1),('f002160','002','D栋1101',0,2,5,1),('f002161','002','D栋1102',1,1,1,1),('f002162','002','D栋1111',1,0,6,0),('f002163','002','D栋1112',1,1,3,0),('f002164','002','D栋1121',1,2,5,0),('f002165','002','D栋1122',1,1,8,0),('f002166','002','D栋2011',1,1,6,0),('f002167','002','D栋2012',1,2,4,0),('f002168','002','D栋2021',1,1,7,1),('f002169','002','D栋2022',1,1,5,0),('f002170','002','D栋2031',1,2,8,1),('f002171','002','D栋2032',0,2,5,1),('f002172','002','D栋2041',1,0,5,1),('f002173','002','D栋2042',1,0,8,1),('f002174','002','D栋2051',0,0,6,1),('f002175','002','D栋2052',1,2,5,0),('f002176','002','D栋2061',0,0,5,1),('f002177','002','D栋2062',0,1,2,0),('f002178','002','D栋2071',1,1,8,0),('f002179','002','D栋2072',0,2,4,1),('f002180','002','D栋2081',0,2,8,1),('f002181','002','D栋2082',0,1,8,1),('f002182','002','D栋2091',1,2,8,0),('f002183','002','D栋2092',0,0,4,1),('f002184','002','D栋2101',1,1,5,0),('f002185','002','D栋2102',1,2,2,0),('f002186','002','D栋2111',1,1,2,1),('f002187','002','D栋2112',1,2,0,1),('f002188','002','D栋2121',0,0,8,0),('f002189','002','E栋1011',1,2,1,0),('f002190','002','E栋1012',0,0,5,1),('f002191','002','E栋1021',0,2,0,0),('f002192','002','E栋1022',0,0,8,1),('f002193','002','E栋1031',1,1,1,0),('f002194','002','E栋1032',1,1,7,0),('f002195','002','E栋1041',1,0,8,1),('f002196','002','E栋1042',0,1,5,0),('f002197','002','E栋1051',1,1,7,0),('f002198','002','E栋1052',1,2,6,0),('f002199','002','E栋1061',1,0,0,1),('f002200','002','E栋1062',0,0,8,0),('f002201','002','E栋1071',0,0,0,1),('f002202','002','E栋1072',1,2,0,1),('f002203','002','E栋1081',0,2,1,1),('f002204','002','E栋1082',1,0,3,1),('f002205','002','E栋1091',0,0,1,0),('f002206','002','E栋1092',0,0,2,0),('f002207','002','E栋1101',0,2,2,1),('f002208','002','E栋1102',1,0,4,1),('f002209','002','E栋1111',0,2,1,1),('f002210','002','E栋1112',0,1,2,0),('f002211','002','E栋1121',0,2,7,0),('f002212','002','E栋1122',1,2,7,0),('f002213','002','E栋2011',1,1,7,0),('f002214','002','E栋2012',0,2,6,0),('f002215','002','E栋2021',1,2,5,0),('f002216','002','E栋2022',1,1,6,0),('f002217','002','E栋2031',0,0,6,0),('f002218','002','E栋2032',1,2,0,0),('f002219','002','E栋2041',1,2,7,0),('f002220','002','E栋2042',0,2,4,0),('f002221','002','E栋2051',1,0,8,1),('f002222','002','E栋2052',1,1,6,1),('f002223','002','E栋2061',1,0,7,1),('f002224','002','E栋2062',1,1,1,0),('f002225','002','E栋2071',0,0,4,0),('f002226','002','E栋2072',1,1,6,0),('f002227','002','E栋2081',0,0,7,1),('f002228','002','E栋2082',1,1,7,1),('f002229','002','E栋2091',0,2,4,0),('f002230','002','E栋2092',0,2,2,1),('f002231','002','E栋2101',0,0,1,0),('f002232','002','E栋2102',1,2,3,1),('f002233','002','E栋2111',0,1,8,1),('f002234','002','E栋2112',1,2,7,0),('f002235','002','F栋1011',0,0,4,0),('f002236','002','F栋1012',1,1,0,0),('f002237','002','F栋1021',0,0,8,0),('f002238','002','F栋1022',0,1,2,1),('f002239','002','F栋1031',1,2,4,1),('f002240','002','F栋1032',1,1,4,0),('f002241','002','F栋1041',0,1,0,1),('f002242','002','F栋1042',1,1,2,1),('f002243','002','F栋1051',0,0,6,0),('f002244','002','F栋1052',0,0,5,0),('f002245','002','F栋1061',0,2,3,1),('f002246','002','F栋1062',1,0,4,1),('f002247','002','F栋1071',1,2,1,1),('f002248','002','F栋1072',0,0,3,0),('f002249','002','F栋1081',1,2,3,0),('f002250','002','F栋1082',1,2,0,1),('f002251','002','F栋1091',0,1,5,1),('f002252','002','F栋1092',0,1,3,1),('f002253','002','F栋1101',0,2,0,0),('f002254','002','F栋1102',0,1,1,0),('f002255','002','F栋1111',1,2,1,1),('f002256','002','F栋1112',1,0,0,1),('f002257','002','F栋1121',1,2,2,0),('f002258','002','F栋1122',1,2,2,0),('f002259','002','F栋2011',1,2,3,0),('f002260','002','F栋2012',1,2,0,1),('f002261','002','F栋2021',0,2,6,0),('f002262','002','F栋2022',0,2,8,0),('f002263','002','F栋2031',0,2,1,0),('f002264','002','F栋2032',1,0,1,0),('f002265','002','F栋2041',1,2,7,1),('f002266','002','F栋2042',1,1,0,0),('f002267','002','F栋2051',0,1,6,1),('f002268','002','F栋2052',1,0,1,1),('f002269','002','F栋2061',0,2,7,1),('f002270','002','F栋2062',0,0,7,1),('f002271','002','F栋2071',1,2,8,0),('f002272','002','F栋2072',1,1,0,1),('f002273','002','F栋2081',0,0,4,1),('f002274','002','F栋2082',1,0,2,0),('f002275','002','F栋2091',0,1,5,0),('f002276','002','F栋2092',1,2,0,0),('f002277','002','F栋2101',1,2,3,0),('f002278','002','F栋2102',0,1,1,0),('f002279','002','F栋2111',1,0,3,1),('f002280','002','F栋2112',1,2,5,1);
/*!40000 ALTER TABLE `family` ENABLE KEYS */;
UNLOCK TABLES;

--
-- Table structure for table `family_account_number`
--

DROP TABLE IF EXISTS `family_account_number`;
/*!40101 SET @saved_cs_client     = @@character_set_client */;
/*!50503 SET character_set_client = utf8mb4 */;
CREATE TABLE `family_account_number` (
  `id` varchar(20) NOT NULL,
  `password` varchar(20) NOT NULL,
  `f_id` varchar(20) NOT NULL,
  PRIMARY KEY (`id`),
  KEY `family_account_number_ibfk_1` (`f_id`),
  CONSTRAINT `family_account_number_ibfk_1` FOREIGN KEY (`f_id`) REFERENCES `family` (`id`)
) ENGINE=InnoDB DEFAULT CHARSET=utf8mb4 COLLATE=utf8mb4_0900_ai_ci;
/*!40101 SET character_set_client = @saved_cs_client */;

--
-- Dumping data for table `family_account_number`
--

LOCK TABLES `family_account_number` WRITE;
/*!40000 ALTER TABLE `family_account_number` DISABLE KEYS */;
INSERT INTO `family_account_number` VALUES ('f001001','123456','f001001'),('f001002','123456','f001002'),('f001003','123456','f001003'),('f001004','123456','f001004'),('f001005','123456','f001005'),('f001006','123456','f001006'),('f001007','123456','f001007'),('f001008','123456','f001008'),('f001009','123456','f001009'),('f001010','123456','f001010'),('f001011','123456','f001011'),('f001012','123456','f001012'),('f001013','123456','f001013'),('f001014','123456','f001014'),('f001015','123456','f001015'),('f001016','123456','f001016'),('f001017','123456','f001017'),('f001018','123456','f001018'),('f001019','123456','f001019'),('f001020','123456','f001020'),('f001021','123456','f001021'),('f001022','123456','f001022'),('f001023','123456','f001023'),('f001024','123456','f001024'),('f001025','123456','f001025'),('f001026','123456','f001026'),('f001027','123456','f001027'),('f001028','123456','f001028'),('f001029','123456','f001029'),('f001030','123456','f001030'),('f001031','123456','f001031'),('f001032','123456','f001032'),('f001033','123456','f001033'),('f001034','123456','f001034'),('f001035','123456','f001035'),('f001036','123456','f001036'),('f001037','123456','f001037'),('f001038','123456','f001038'),('f001039','123456','f001039'),('f001040','123456','f001040'),('f001041','123456','f001041'),('f001042','123456','f001042'),('f001043','123456','f001043'),('f001044','123456','f001044'),('f001045','123456','f001045'),('f001046','123456','f001046'),('f001047','123456','f001047'),('f001048','123456','f001048'),('f001049','123456','f001049'),('f001050','123456','f001050'),('f001051','123456','f001051'),('f001052','123456','f001052'),('f001053','123456','f001053'),('f001054','123456','f001054'),('f001055','123456','f001055'),('f001056','123456','f001056'),('f001057','123456','f001057'),('f001058','123456','f001058'),('f001059','123456','f001059'),('f001060','123456','f001060'),('f001061','123456','f001061'),('f001062','123456','f001062'),('f001063','123456','f001063'),('f001064','123456','f001064'),('f001065','123456','f001065'),('f001066','123456','f001066'),('f001067','123456','f001067'),('f001068','123456','f001068'),('f001069','123456','f001069'),('f001070','123456','f001070'),('f001071','123456','f001071'),('f001072','123456','f001072'),('f001073','123456','f001073'),('f001074','123456','f001074'),('f001075','123456','f001075'),('f001076','123456','f001076'),('f001077','123456','f001077'),('f001078','123456','f001078'),('f001079','123456','f001079'),('f001080','123456','f001080'),('f001081','123456','f001081'),('f001082','123456','f001082'),('f001083','123456','f001083'),('f001084','123456','f001084'),('f001085','123456','f001085'),('f001086','123456','f001086'),('f001087','123456','f001087'),('f001088','123456','f001088'),('f001089','123456','f001089'),('f001090','123456','f001090'),('f001091','123456','f001091'),('f001092','123456','f001092'),('f001093','123456','f001093'),('f001094','123456','f001094'),('f001095','123456','f001095'),('f001096','123456','f001096'),('f001097','123456','f001097'),('f001098','123456','f001098'),('f001099','123456','f001099'),('f001100','123456','f001100'),('f001101','123456','f001101'),('f001102','123456','f001102'),('f001103','123456','f001103'),('f001104','123456','f001104'),('f001105','123456','f001105'),('f001106','123456','f001106'),('f001107','123456','f001107'),('f001108','123456','f001108'),('f001109','123456','f001109'),('f001110','123456','f001110'),('f001111','123456','f001111'),('f001112','123456','f001112'),('f001113','123456','f001113'),('f001114','123456','f001114'),('f001115','123456','f001115'),('f001116','123456','f001116'),('f001117','123456','f001117'),('f001118','123456','f001118'),('f001119','123456','f001119'),('f001120','123456','f001120'),('f001121','123456','f001121'),('f001122','123456','f001122'),('f001123','123456','f001123'),('f001124','123456','f001124'),('f001125','123456','f001125'),('f001126','123456','f001126'),('f001127','123456','f001127'),('f001128','123456','f001128'),('f001129','123456','f001129'),('f001130','123456','f001130'),('f001131','123456','f001131'),('f001132','123456','f001132'),('f001133','123456','f001133'),('f001134','123456','f001134'),('f001135','123456','f001135'),('f001136','123456','f001136'),('f001137','123456','f001137'),('f001138','123456','f001138'),('f001139','123456','f001139'),('f001140','123456','f001140'),('f001141','123456','f001141'),('f001142','123456','f001142'),('f001143','123456','f001143'),('f001144','123456','f001144'),('f001145','123456','f001145'),('f001146','123456','f001146'),('f001147','123456','f001147'),('f001148','123456','f001148'),('f001149','123456','f001149'),('f001150','123456','f001150'),('f001151','123456','f001151'),('f001152','123456','f001152'),('f001153','123456','f001153'),('f001154','123456','f001154'),('f001155','123456','f001155'),('f001156','123456','f001156'),('f001157','123456','f001157'),('f001158','123456','f001158'),('f001159','123456','f001159'),('f001160','123456','f001160'),('f001161','123456','f001161'),('f001162','123456','f001162'),('f001163','123456','f001163'),('f001164','123456','f001164'),('f001165','123456','f001165'),('f001166','123456','f001166'),('f001167','123456','f001167'),('f001168','123456','f001168'),('f001169','123456','f001169'),('f001170','123456','f001170'),('f001171','123456','f001171'),('f001172','123456','f001172'),('f001173','123456','f001173'),('f001174','123456','f001174'),('f001175','123456','f001175'),('f001176','123456','f001176'),('f001177','123456','f001177'),('f001178','123456','f001178'),('f001179','123456','f001179'),('f001180','123456','f001180'),('f001181','123456','f001181'),('f001182','123456','f001182'),('f001183','123456','f001183'),('f001184','123456','f001184'),('f001185','123456','f001185'),('f001186','123456','f001186'),('f001187','123456','f001187'),('f001188','123456','f001188'),('f001189','123456','f001189'),('f001190','123456','f001190'),('f001191','123456','f001191'),('f001192','123456','f001192'),('f001193','123456','f001193'),('f001194','123456','f001194'),('f001195','123456','f001195'),('f001196','123456','f001196'),('f001197','123456','f001197'),('f001198','123456','f001198'),('f001199','123456','f001199'),('f001200','123456','f001200'),('f001201','123456','f001201'),('f001202','123456','f001202'),('f001203','123456','f001203'),('f001204','123456','f001204'),('f001205','123456','f001205'),('f001206','123456','f001206'),('f001207','123456','f001207'),('f001208','123456','f001208'),('f001209','123456','f001209'),('f001210','123456','f001210'),('f001211','123456','f001211'),('f001212','123456','f001212'),('f001213','123456','f001213'),('f001214','123456','f001214'),('f001215','123456','f001215'),('f001216','123456','f001216'),('f001217','123456','f001217'),('f001218','123456','f001218'),('f001219','123456','f001219'),('f001220','123456','f001220'),('f001221','123456','f001221'),('f001222','123456','f001222'),('f001223','123456','f001223'),('f001224','123456','f001224'),('f001225','123456','f001225'),('f001226','123456','f001226'),('f001227','123456','f001227'),('f001228','123456','f001228'),('f001229','123456','f001229'),('f001230','123456','f001230'),('f001231','123456','f001231'),('f001232','123456','f001232'),('f001233','123456','f001233'),('f001234','123456','f001234'),('f001235','123456','f001235'),('f001236','123456','f001236'),('f001237','123456','f001237'),('f001238','123456','f001238'),('f001239','123456','f001239'),('f001240','123456','f001240'),('f001241','123456','f001241'),('f001242','123456','f001242'),('f001243','123456','f001243'),('f001244','123456','f001244'),('f001245','123456','f001245'),('f001246','123456','f001246'),('f001247','123456','f001247'),('f001248','123456','f001248'),('f001249','123456','f001249'),('f001250','123456','f001250'),('f001251','123456','f001251'),('f001252','123456','f001252'),('f001253','123456','f001253'),('f001254','123456','f001254'),('f001255','123456','f001255'),('f001256','123456','f001256'),('f001257','123456','f001257'),('f001258','123456','f001258'),('f001259','123456','f001259'),('f001260','123456','f001260'),('f001261','123456','f001261'),('f001262','123456','f001262'),('f001263','123456','f001263'),('f001264','123456','f001264'),('f001265','123456','f001265'),('f001266','123456','f001266'),('f001267','123456','f001267'),('f001268','123456','f001268'),('f001269','123456','f001269'),('f001270','123456','f001270'),('f001271','123456','f001271'),('f001272','123456','f001272'),('f001273','123456','f001273'),('f001274','123456','f001274'),('f001275','123456','f001275'),('f001276','123456','f001276'),('f001277','123456','f001277'),('f001278','123456','f001278'),('f001279','123456','f001279'),('f001280','123456','f001280'),('f001281','123456','f001281'),('f001282','123456','f001282'),('f001283','123456','f001283'),('f001284','123456','f001284'),('f001285','123456','f001285'),('f001286','123456','f001286'),('f001287','123456','f001287'),('f001288','123456','f001288'),('f001289','123456','f001289'),('f001290','123456','f001290'),('f001291','123456','f001291'),('f001292','123456','f001292'),('f001293','123456','f001293'),('f001294','123456','f001294'),('f001295','123456','f001295'),('f001296','123456','f001296'),('f001297','123456','f001297'),('f001298','123456','f001298'),('f001299','123456','f001299'),('f001300','123456','f001300'),('f002001','123456','f002001'),('f002002','123456','f002002'),('f002003','123456','f002003'),('f002004','123456','f002004'),('f002005','123456','f002005'),('f002006','123456','f002006'),('f002007','123456','f002007'),('f002008','123456','f002008'),('f002009','123456','f002009'),('f002010','123456','f002010'),('f002011','123456','f002011'),('f002012','123456','f002012'),('f002013','123456','f002013'),('f002014','123456','f002014'),('f002015','123456','f002015'),('f002016','123456','f002016'),('f002017','123456','f002017'),('f002018','123456','f002018'),('f002019','123456','f002019'),('f002020','123456','f002020'),('f002021','123456','f002021'),('f002022','123456','f002022'),('f002023','123456','f002023'),('f002024','123456','f002024'),('f002025','123456','f002025'),('f002026','123456','f002026'),('f002027','123456','f002027'),('f002028','123456','f002028'),('f002029','123456','f002029'),('f002030','123456','f002030'),('f002031','123456','f002031'),('f002032','123456','f002032'),('f002033','123456','f002033'),('f002034','123456','f002034'),('f002035','123456','f002035'),('f002036','123456','f002036'),('f002037','123456','f002037'),('f002038','123456','f002038'),('f002039','123456','f002039'),('f002040','123456','f002040'),('f002041','123456','f002041'),('f002042','123456','f002042'),('f002043','123456','f002043'),('f002044','123456','f002044'),('f002045','123456','f002045'),('f002046','123456','f002046'),('f002047','123456','f002047'),('f002048','123456','f002048'),('f002049','123456','f002049'),('f002050','123456','f002050'),('f002051','123456','f002051'),('f002052','123456','f002052'),('f002053','123456','f002053'),('f002054','123456','f002054'),('f002055','123456','f002055'),('f002056','123456','f002056'),('f002057','123456','f002057'),('f002058','123456','f002058'),('f002059','123456','f002059'),('f002060','123456','f002060'),('f002061','123456','f002061'),('f002062','123456','f002062'),('f002063','123456','f002063'),('f002064','123456','f002064'),('f002065','123456','f002065'),('f002066','123456','f002066'),('f002067','123456','f002067'),('f002068','123456','f002068'),('f002069','123456','f002069'),('f002070','123456','f002070'),('f002071','123456','f002071'),('f002072','123456','f002072'),('f002073','123456','f002073'),('f002074','123456','f002074'),('f002075','123456','f002075'),('f002076','123456','f002076'),('f002077','123456','f002077'),('f002078','123456','f002078'),('f002079','123456','f002079'),('f002080','123456','f002080'),('f002081','123456','f002081'),('f002082','123456','f002082'),('f002083','123456','f002083'),('f002084','123456','f002084'),('f002085','123456','f002085'),('f002086','123456','f002086'),('f002087','123456','f002087'),('f002088','123456','f002088'),('f002089','123456','f002089'),('f002090','123456','f002090'),('f002091','123456','f002091'),('f002092','123456','f002092'),('f002093','123456','f002093'),('f002094','123456','f002094'),('f002095','123456','f002095'),('f002096','123456','f002096'),('f002097','123456','f002097'),('f002098','123456','f002098'),('f002099','123456','f002099'),('f002100','123456','f002100'),('f002101','123456','f002101'),('f002102','123456','f002102'),('f002103','123456','f002103'),('f002104','123456','f002104'),('f002105','123456','f002105'),('f002106','123456','f002106'),('f002107','123456','f002107'),('f002108','123456','f002108'),('f002109','123456','f002109'),('f002110','123456','f002110'),('f002111','123456','f002111'),('f002112','123456','f002112'),('f002113','123456','f002113'),('f002114','123456','f002114'),('f002115','123456','f002115'),('f002116','123456','f002116'),('f002117','123456','f002117'),('f002118','123456','f002118'),('f002119','123456','f002119'),('f002120','123456','f002120'),('f002121','123456','f002121'),('f002122','123456','f002122'),('f002123','123456','f002123'),('f002124','123456','f002124'),('f002125','123456','f002125'),('f002126','123456','f002126'),('f002127','123456','f002127'),('f002128','123456','f002128'),('f002129','123456','f002129'),('f002130','123456','f002130'),('f002131','123456','f002131'),('f002132','123456','f002132'),('f002133','123456','f002133'),('f002134','123456','f002134'),('f002135','123456','f002135'),('f002136','123456','f002136'),('f002137','123456','f002137'),('f002138','123456','f002138'),('f002139','123456','f002139'),('f002140','123456','f002140'),('f002141','123456','f002141'),('f002142','123456','f002142'),('f002143','123456','f002143'),('f002144','123456','f002144'),('f002145','123456','f002145'),('f002146','123456','f002146'),('f002147','123456','f002147'),('f002148','123456','f002148'),('f002149','123456','f002149'),('f002150','123456','f002150'),('f002151','123456','f002151'),('f002152','123456','f002152'),('f002153','123456','f002153'),('f002154','123456','f002154'),('f002155','123456','f002155'),('f002156','123456','f002156'),('f002157','123456','f002157'),('f002158','123456','f002158'),('f002159','123456','f002159'),('f002160','123456','f002160'),('f002161','123456','f002161'),('f002162','123456','f002162'),('f002163','123456','f002163'),('f002164','123456','f002164'),('f002165','123456','f002165'),('f002166','123456','f002166'),('f002167','123456','f002167'),('f002168','123456','f002168'),('f002169','123456','f002169'),('f002170','123456','f002170'),('f002171','123456','f002171'),('f002172','123456','f002172'),('f002173','123456','f002173'),('f002174','123456','f002174'),('f002175','123456','f002175'),('f002176','123456','f002176'),('f002177','123456','f002177'),('f002178','123456','f002178'),('f002179','123456','f002179'),('f002180','123456','f002180'),('f002181','123456','f002181'),('f002182','123456','f002182'),('f002183','123456','f002183'),('f002184','123456','f002184'),('f002185','123456','f002185'),('f002186','123456','f002186'),('f002187','123456','f002187'),('f002188','123456','f002188'),('f002189','123456','f002189'),('f002190','123456','f002190'),('f002191','123456','f002191'),('f002192','123456','f002192'),('f002193','123456','f002193'),('f002194','123456','f002194'),('f002195','123456','f002195'),('f002196','123456','f002196'),('f002197','123456','f002197'),('f002198','123456','f002198'),('f002199','123456','f002199'),('f002200','123456','f002200'),('f002201','123456','f002201'),('f002202','123456','f002202'),('f002203','123456','f002203'),('f002204','123456','f002204'),('f002205','123456','f002205'),('f002206','123456','f002206'),('f002207','123456','f002207'),('f002208','123456','f002208'),('f002209','123456','f002209'),('f002210','123456','f002210'),('f002211','123456','f002211'),('f002212','123456','f002212'),('f002213','123456','f002213'),('f002214','123456','f002214'),('f002215','123456','f002215'),('f002216','123456','f002216'),('f002217','123456','f002217'),('f002218','123456','f002218'),('f002219','123456','f002219'),('f002220','123456','f002220'),('f002221','123456','f002221'),('f002222','123456','f002222'),('f002223','123456','f002223'),('f002224','123456','f002224'),('f002225','123456','f002225'),('f002226','123456','f002226'),('f002227','123456','f002227'),('f002228','123456','f002228'),('f002229','123456','f002229'),('f002230','123456','f002230'),('f002231','123456','f002231'),('f002232','123456','f002232'),('f002233','123456','f002233'),('f002234','123456','f002234'),('f002235','123456','f002235'),('f002236','123456','f002236'),('f002237','123456','f002237'),('f002238','123456','f002238'),('f002239','123456','f002239'),('f002240','123456','f002240'),('f002241','123456','f002241'),('f002242','123456','f002242'),('f002243','123456','f002243'),('f002244','123456','f002244'),('f002245','123456','f002245'),('f002246','123456','f002246'),('f002247','123456','f002247'),('f002248','123456','f002248'),('f002249','123456','f002249'),('f002250','123456','f002250'),('f002251','123456','f002251'),('f002252','123456','f002252'),('f002253','123456','f002253'),('f002254','123456','f002254'),('f002255','123456','f002255'),('f002256','123456','f002256'),('f002257','123456','f002257'),('f002258','123456','f002258'),('f002259','123456','f002259'),('f002260','123456','f002260'),('f002261','123456','f002261'),('f002262','123456','f002262'),('f002263','123456','f002263'),('f002264','123456','f002264'),('f002265','123456','f002265'),('f002266','123456','f002266'),('f002267','123456','f002267'),('f002268','123456','f002268'),('f002269','123456','f002269'),('f002270','123456','f002270'),('f002271','123456','f002271'),('f002272','123456','f002272'),('f002273','123456','f002273'),('f002274','123456','f002274'),('f002275','123456','f002275'),('f002276','123456','f002276'),('f002277','123456','f002277'),('f002278','123456','f002278'),('f002279','123456','f002279');
/*!40000 ALTER TABLE `family_account_number` ENABLE KEYS */;
UNLOCK TABLES;

--
-- Table structure for table `housing_estate`
--

DROP TABLE IF EXISTS `housing_estate`;
/*!40101 SET @saved_cs_client     = @@character_set_client */;
/*!50503 SET character_set_client = utf8mb4 */;
CREATE TABLE `housing_estate` (
  `id` varchar(20) NOT NULL,
  `h_e_adress` varchar(20) NOT NULL,
  `h_e_developer` varchar(20) NOT NULL,
  `h_e_area` int DEFAULT '0',
  `h_e_pet` int DEFAULT '0',
  `h_e_family` int DEFAULT '0',
  `h_e_car` int DEFAULT '0',
  `h_e_staff` int DEFAULT '0',
  `h_e_building` int DEFAULT '0',
  `h_e_parking` int DEFAULT '0',
  `h_e_name` varchar(20) NOT NULL,
  PRIMARY KEY (`id`)
) ENGINE=InnoDB DEFAULT CHARSET=utf8mb4 COLLATE=utf8mb4_0900_ai_ci;
/*!40101 SET character_set_client = @saved_cs_client */;

--
-- Dumping data for table `housing_estate`
--

LOCK TABLES `housing_estate` WRITE;
/*!40000 ALTER TABLE `housing_estate` DISABLE KEYS */;
INSERT INTO `housing_estate` VALUES ('001','静兰路东一巷19号 ','柳州恒大',2626,209,301,150,20,9,301,'静兰小区'),('002','城中区沿江路28号','柳州云星',1975,189,280,134,20,7,300,'中房胜利小区');
/*!40000 ALTER TABLE `housing_estate` ENABLE KEYS */;
UNLOCK TABLES;

--
-- Table structure for table `parking`
--

DROP TABLE IF EXISTS `parking`;
/*!40101 SET @saved_cs_client     = @@character_set_client */;
/*!50503 SET character_set_client = utf8mb4 */;
CREATE TABLE `parking` (
  `adress` varchar(20) NOT NULL,
  `h_e_id` varchar(20) NOT NULL,
  `f_id` varchar(20) DEFAULT NULL,
  PRIMARY KEY (`adress`),
  KEY `h_e_id` (`h_e_id`),
  KEY `f_id` (`f_id`),
  CONSTRAINT `parking_ibfk_1` FOREIGN KEY (`h_e_id`) REFERENCES `housing_estate` (`id`),
  CONSTRAINT `parking_ibfk_2` FOREIGN KEY (`f_id`) REFERENCES `family` (`id`)
) ENGINE=InnoDB DEFAULT CHARSET=utf8mb4 COLLATE=utf8mb4_0900_ai_ci;
/*!40101 SET character_set_client = @saved_cs_client */;

--
-- Dumping data for table `parking`
--

LOCK TABLES `parking` WRITE;
/*!40000 ALTER TABLE `parking` DISABLE KEYS */;
INSERT INTO `parking` VALUES ('p001001','001',NULL),('p001002','001',NULL),('p001003','001','f001289'),('p001004','001','f001241'),('p001005','001','f001233'),('p001006','001','f001228'),('p001007','001',NULL),('p001008','001',NULL),('p001009','001',NULL),('p001010','001',NULL),('p001011','001',NULL),('p001012','001','f001006'),('p001013','001',NULL),('p001014','001','f001098'),('p001015','001','f001049'),('p001016','001',NULL),('p001017','001','f001143'),('p001018','001','f001138'),('p001019','001',NULL),('p001020','001',NULL),('p001021','001',NULL),('p001022','001',NULL),('p001023','001','f001023'),('p001024','001','f001048'),('p001025','001','f001179'),('p001026','001','f001012'),('p001027','001',NULL),('p001028','001',NULL),('p001029','001','f001114'),('p001030','001','f001164'),('p001031','001','f001226'),('p001032','001',NULL),('p001033','001',NULL),('p001034','001',NULL),('p001035','001','f001032'),('p001036','001','f001261'),('p001037','001',NULL),('p001038','001',NULL),('p001039','001',NULL),('p001040','001',NULL),('p001041','001',NULL),('p001042','001',NULL),('p001043','001',NULL),('p001044','001','f001158'),('p001045','001','f001176'),('p001046','001',NULL),('p001047','001',NULL),('p001048','001','f001111'),('p001049','001',NULL),('p001050','001',NULL),('p001051','001',NULL),('p001052','001',NULL),('p001053','001',NULL),('p001054','001',NULL),('p001055','001','f001020'),('p001056','001',NULL),('p001057','001','f001275'),('p001058','001',NULL),('p001059','001',NULL),('p001060','001',NULL),('p001061','001','f001267'),('p001062','001',NULL),('p001063','001','f001253'),('p001064','001',NULL),('p001065','001','f001046'),('p001066','001',NULL),('p001067','001',NULL),('p001068','001','f001109'),('p001069','001','f001136'),('p001070','001',NULL),('p001071','001',NULL),('p001072','001',NULL),('p001073','001',NULL),('p001074','001',NULL),('p001075','001',NULL),('p001076','001',NULL),('p001077','001','f001059'),('p001078','001',NULL),('p001079','001','f001148'),('p001080','001','f001246'),('p001081','001',NULL),('p001082','001',NULL),('p001083','001',NULL),('p001084','001',NULL),('p001085','001','f001263'),('p001086','001',NULL),('p001087','001',NULL),('p001088','001','f001116'),('p001089','001',NULL),('p001090','001','f001051'),('p001091','001',NULL),('p001092','001','f001003'),('p001093','001',NULL),('p001094','001',NULL),('p001095','001',NULL),('p001096','001','f001273'),('p001097','001',NULL),('p001098','001',NULL),('p001099','001',NULL),('p001100','001',NULL),('p001101','001','f001129'),('p001102','001','f001221'),('p001103','001','f001133'),('p001104','001','f001104'),('p001105','001','f001260'),('p001106','001','f001024'),('p001107','001','f001029'),('p001108','001','f001277'),('p001109','001',NULL),('p001110','001',NULL),('p001111','001','f001230'),('p001112','001','f001079'),('p001113','001','f001282'),('p001114','001',NULL),('p001115','001','f001139'),('p001116','001','f001009'),('p001117','001','f001070'),('p001118','001',NULL),('p001119','001',NULL),('p001120','001',NULL),('p001121','001',NULL),('p001122','001',NULL),('p001123','001',NULL),('p001124','001',NULL),('p001125','001','f001183'),('p001126','001',NULL),('p001127','001',NULL),('p001128','001',NULL),('p001129','001','f001200'),('p001130','001','f001069'),('p001131','001','f001088'),('p001132','001',NULL),('p001133','001',NULL),('p001134','001','f001152'),('p001135','001','f001063'),('p001136','001',NULL),('p001137','001','f001296'),('p001138','001','f001262'),('p001139','001','f001141'),('p001140','001','f001145'),('p001141','001',NULL),('p001142','001',NULL),('p001143','001',NULL),('p001144','001','f001127'),('p001145','001','f001106'),('p001146','001',NULL),('p001147','001',NULL),('p001148','001','f001217'),('p001149','001',NULL),('p001150','001','f001292'),('p001151','001','f001037'),('p001152','001',NULL),('p001153','001',NULL),('p001154','001',NULL),('p001155','001',NULL),('p001156','001','f001083'),('p001157','001','f001005'),('p001158','001','f001113'),('p001159','001','f001255'),('p001160','001','f001178'),('p001161','001',NULL),('p001162','001',NULL),('p001163','001','f001281'),('p001164','001','f001175'),('p001165','001',NULL),('p001166','001','f001229'),('p001167','001',NULL),('p001168','001','f001211'),('p001169','001',NULL),('p001170','001','f001146'),('p001171','001','f001014'),('p001172','001',NULL),('p001173','001',NULL),('p001174','001','f001259'),('p001175','001',NULL),('p001176','001','f001270'),('p001177','001','f001122'),('p001178','001',NULL),('p001179','001',NULL),('p001180','001',NULL),('p001181','001',NULL),('p001182','001',NULL),('p001183','001',NULL),('p001184','001','f001234'),('p001185','001',NULL),('p001186','001',NULL),('p001187','001',NULL),('p001188','001','f001177'),('p001189','001','f001096'),('p001190','001',NULL),('p001191','001','f001287'),('p001192','001','f001055'),('p001193','001',NULL),('p001194','001','f001203'),('p001195','001','f001062'),('p001196','001',NULL),('p001197','001','f001057'),('p001198','001','f001258'),('p001199','001','f001184'),('p001200','001','f001126'),('p001201','001','f001081'),('p001202','001','f001091'),('p001203','001',NULL),('p001204','001',NULL),('p001205','001','f001197'),('p001206','001','f001224'),('p001207','001',NULL),('p001208','001',NULL),('p001209','001','f001293'),('p001210','001','f001077'),('p001211','001','f001276'),('p001212','001','f001284'),('p001213','001','f001168'),('p001214','001','f001201'),('p001215','001','f001257'),('p001216','001','f001036'),('p001217','001','f001274'),('p001218','001',NULL),('p001219','001','f001182'),('p001220','001',NULL),('p001221','001','f001002'),('p001222','001',NULL),('p001223','001',NULL),('p001224','001','f001026'),('p001225','001',NULL),('p001226','001',NULL),('p001227','001','f001027'),('p001228','001','f001082'),('p001229','001',NULL),('p001230','001',NULL),('p001231','001','f001285'),('p001232','001',NULL),('p001233','001','f001131'),('p001234','001',NULL),('p001235','001','f001269'),('p001236','001','f001219'),('p001237','001','f001065'),('p001238','001',NULL),('p001239','001',NULL),('p001240','001',NULL),('p001241','001','f001115'),('p001242','001',NULL),('p001243','001','f001087'),('p001244','001','f001142'),('p001245','001','f001038'),('p001246','001','f001028'),('p001247','001','f001050'),('p001248','001','f001140'),('p001249','001',NULL),('p001250','001','f001099'),('p001251','001','f001130'),('p001252','001','f001153'),('p001253','001','f001134'),('p001254','001',NULL),('p001255','001',NULL),('p001256','001',NULL),('p001257','001','f001154'),('p001258','001','f001120'),('p001259','001',NULL),('p001260','001',NULL),('p001261','001',NULL),('p001262','001','f001100'),('p001263','001','f001271'),('p001264','001','f001031'),('p001265','001','f001264'),('p001266','001','f001173'),('p001267','001',NULL),('p001268','001','f001040'),('p001269','001','f001086'),('p001270','001','f001218'),('p001271','001',NULL),('p001272','001','f001110'),('p001273','001',NULL),('p001274','001','f001189'),('p001275','001',NULL),('p001276','001','f001112'),('p001277','001',NULL),('p001278','001',NULL),('p001279','001',NULL),('p001280','001',NULL),('p001281','001',NULL),('p001282','001',NULL),('p001283','001',NULL),('p001284','001','f001245'),('p001285','001','f001288'),('p001286','001',NULL),('p001287','001',NULL),('p001288','001','f001053'),('p001289','001',NULL),('p001290','001','f001093'),('p001291','001','f001249'),('p001292','001','f001243'),('p001293','001',NULL),('p001294','001',NULL),('p001295','001','f001250'),('p001296','001',NULL),('p001297','001',NULL),('p001298','001','f001089'),('p001299','001',NULL),('p001300','001','f001251'),('p001301','001','f001001'),('p002001','002','f002144'),('p002002','002','f002090'),('p002003','002','f002232'),('p002004','002','f002052'),('p002005','002',NULL),('p002006','002','f002187'),('p002007','002','f002032'),('p002008','002','f002007'),('p002009','002',NULL),('p002010','002',NULL),('p002011','002',NULL),('p002012','002','f002022'),('p002013','002',NULL),('p002014','002','f002089'),('p002015','002','f002219'),('p002016','002','f002138'),('p002017','002',NULL),('p002018','002','f002202'),('p002019','002',NULL),('p002020','002','f002069'),('p002021','002',NULL),('p002022','002','f002055'),('p002023','002',NULL),('p002024','002','f002080'),('p002025','002','f002048'),('p002026','002','f002103'),('p002027','002',NULL),('p002028','002',NULL),('p002029','002','f002204'),('p002030','002','f002193'),('p002031','002','f002151'),('p002032','002','f002197'),('p002033','002','f002062'),('p002034','002','f002186'),('p002035','002','f002218'),('p002036','002',NULL),('p002037','002','f002170'),('p002038','002','f002178'),('p002039','002',NULL),('p002040','002','f002265'),('p002041','002',NULL),('p002042','002','f002279'),('p002043','002','f002102'),('p002044','002',NULL),('p002045','002',NULL),('p002046','002','f002123'),('p002047','002','f002166'),('p002048','002','f002173'),('p002049','002','f002057'),('p002050','002','f002028'),('p002051','002',NULL),('p002052','002','f002247'),('p002053','002','f002153'),('p002054','002',NULL),('p002055','002',NULL),('p002056','002',NULL),('p002057','002',NULL),('p002058','002','f002003'),('p002059','002','f002246'),('p002060','002','f002242'),('p002061','002','f002148'),('p002062','002','f002071'),('p002063','002','f002118'),('p002064','002',NULL),('p002065','002',NULL),('p002066','002',NULL),('p002067','002',NULL),('p002068','002','f002264'),('p002069','002','f002121'),('p002070','002',NULL),('p002071','002','f002182'),('p002072','002',NULL),('p002073','002',NULL),('p002074','002',NULL),('p002075','002','f002228'),('p002076','002','f002258'),('p002077','002',NULL),('p002078','002',NULL),('p002079','002','f002189'),('p002080','002',NULL),('p002081','002',NULL),('p002082','002','f002213'),('p002083','002','f002077'),('p002084','002','f002051'),('p002085','002',NULL),('p002086','002','f002085'),('p002087','002',NULL),('p002088','002','f002116'),('p002089','002',NULL),('p002090','002',NULL),('p002091','002',NULL),('p002092','002',NULL),('p002093','002','f002105'),('p002094','002',NULL),('p002095','002','f002145'),('p002096','002',NULL),('p002097','002','f002088'),('p002098','002',NULL),('p002099','002',NULL),('p002100','002','f002234'),('p002101','002','f002212'),('p002102','002','f002147'),('p002103','002','f002198'),('p002104','002','f002074'),('p002105','002',NULL),('p002106','002','f002184'),('p002107','002',NULL),('p002108','002',NULL),('p002109','002',NULL),('p002110','002','f002108'),('p002111','002',NULL),('p002112','002','f002195'),('p002113','002','f002271'),('p002114','002',NULL),('p002115','002',NULL),('p002116','002','f002175'),('p002117','002',NULL),('p002118','002','f002056'),('p002119','002',NULL),('p002120','002','f002215'),('p002121','002','f002168'),('p002122','002',NULL),('p002123','002',NULL),('p002124','002',NULL),('p002125','002','f002099'),('p002126','002','f002004'),('p002127','002','f002072'),('p002128','002','f002142'),('p002129','002','f002026'),('p002130','002','f002165'),('p002131','002',NULL),('p002132','002',NULL),('p002133','002','f002021'),('p002134','002',NULL),('p002135','002','f002255'),('p002136','002','f002029'),('p002137','002','f002001'),('p002138','002',NULL),('p002139','002',NULL),('p002140','002','f002272'),('p002141','002',NULL),('p002142','002','f002250'),('p002143','002',NULL),('p002144','002','f002067'),('p002145','002','f002266'),('p002146','002',NULL),('p002147','002',NULL),('p002148','002',NULL),('p002149','002',NULL),('p002150','002','f002137'),('p002151','002','f002276'),('p002152','002','f002223'),('p002153','002','f002208'),('p002154','002','f002216'),('p002155','002',NULL),('p002156','002',NULL),('p002157','002',NULL),('p002158','002','f002079'),('p002159','002','f002082'),('p002160','002',NULL),('p002161','002','f002260'),('p002162','002','f002037'),('p002163','002',NULL),('p002164','002','f002164'),('p002165','002',NULL),('p002166','002',NULL),('p002167','002','f002169'),('p002168','002',NULL),('p002169','002','f002017'),('p002170','002',NULL),('p002171','002',NULL),('p002172','002',NULL),('p002173','002',NULL),('p002174','002','f002146'),('p002175','002','f002194'),('p002176','002',NULL),('p002177','002',NULL),('p002178','002',NULL),('p002179','002',NULL),('p002180','002','f002280'),('p002181','002','f002163'),('p002182','002','f002076'),('p002183','002',NULL),('p002184','002',NULL),('p002185','002',NULL),('p002186','002',NULL),('p002187','002',NULL),('p002188','002',NULL),('p002189','002',NULL),('p002190','002','f002006'),('p002191','002','f002162'),('p002192','002','f002257'),('p002193','002',NULL),('p002194','002',NULL),('p002195','002','f002221'),('p002196','002',NULL),('p002197','002','f002239'),('p002198','002','f002185'),('p002199','002','f002199'),('p002200','002','f002044'),('p002201','002',NULL),('p002202','002','f002012'),('p002203','002',NULL),('p002204','002',NULL),('p002205','002',NULL),('p002206','002','f002041'),('p002207','002','f002112'),('p002208','002','f002226'),('p002209','002',NULL),('p002210','002','f002054'),('p002211','002',NULL),('p002212','002','f002125'),('p002213','002','f002042'),('p002214','002','f002268'),('p002215','002','f002096'),('p002216','002',NULL),('p002217','002',NULL),('p002218','002',NULL),('p002219','002',NULL),('p002220','002',NULL),('p002221','002',NULL),('p002222','002',NULL),('p002223','002',NULL),('p002224','002',NULL),('p002225','002','f002274'),('p002226','002','f002277'),('p002227','002','f002161'),('p002228','002','f002040'),('p002229','002',NULL),('p002230','002',NULL),('p002231','002',NULL),('p002232','002',NULL),('p002233','002','f002155'),('p002234','002',NULL),('p002235','002',NULL),('p002236','002',NULL),('p002237','002','f002020'),('p002238','002','f002249'),('p002239','002','f002259'),('p002240','002','f002236'),('p002241','002','f002167'),('p002242','002',NULL),('p002243','002','f002256'),('p002244','002',NULL),('p002245','002','f002122'),('p002246','002',NULL),('p002247','002','f002092'),('p002248','002','f002172'),('p002249','002','f002027'),('p002250','002','f002240'),('p002251','002',NULL),('p002252','002','f002087'),('p002253','002',NULL),('p002254','002','f002128'),('p002255','002',NULL),('p002256','002',NULL),('p002257','002','f002098'),('p002258','002','f002222'),('p002259','002',NULL),('p002260','002','f002046'),('p002261','002','f002224'),('p002262','002',NULL),('p002263','002','f002120'),('p002264','002',NULL),('p002265','002',NULL),('p002266','002',NULL),('p002267','002',NULL),('p002268','002',NULL),('p002269','002',NULL),('p002270','002','f002060'),('p002271','002',NULL),('p002272','002','f002019'),('p002273','002','f002064'),('p002274','002',NULL),('p002275','002',NULL),('p002276','002',NULL),('p002277','002',NULL),('p002278','002','f002018'),('p002279','002',NULL),('p002280','002','f002132');
/*!40000 ALTER TABLE `parking` ENABLE KEYS */;
UNLOCK TABLES;

--
-- Table structure for table `people`
--

DROP TABLE IF EXISTS `people`;
/*!40101 SET @saved_cs_client     = @@character_set_client */;
/*!50503 SET character_set_client = utf8mb4 */;
CREATE TABLE `people` (
  `id` varchar(20) NOT NULL,
  `f_id` varchar(20) NOT NULL,
  `pname` varchar(20) NOT NULL,
  `psex` varchar(10) NOT NULL,
  `page` int DEFAULT '0',
  `pphone` varchar(20) DEFAULT NULL,
  PRIMARY KEY (`id`),
  KEY `people_ibfk_1` (`f_id`),
  CONSTRAINT `people_ibfk_1` FOREIGN KEY (`f_id`) REFERENCES `family` (`id`)
) ENGINE=InnoDB DEFAULT CHARSET=utf8mb4 COLLATE=utf8mb4_0900_ai_ci;
/*!40101 SET character_set_client = @saved_cs_client */;

--
-- Dumping data for table `people`
--

LOCK TABLES `people` WRITE;
/*!40000 ALTER TABLE `people` DISABLE KEYS */;
INSERT INTO `people` VALUES ('12010219990805601X','f002078','伏忠逸','男',21,'16537289230'),('120102199908056036','f002089','马林','男',21,'13989870235'),('120102199908056298','f001113','茅光义','男',21,'10822557629'),('120102199908056378','f002146','戚仪','男',21,'17191038529'),('120102199908056634','f002109','阎唯育','男',21,'17732447562'),('120102199908056976','f001112','路航广','男',21,'14552302518'),('120102199908057258','f002067','冯黛枝','男',21,'18101196026'),('120102199908057274','f001072','贾河承','男',21,'13668522015'),('120102199908057477','f002035','季俊洋','男',21,'14658531738'),('120102199908057653','f002104','柯腾','男',21,'14303406486'),('120102199908058058','f001162','聂亮莺','男',21,'17576318299'),('120102199908058090','f002068','寿珍言','男',21,'11832284432'),('120102199908058111','f001211','颜阳朋','男',21,'17658902844'),('120102199908058330','f002220','杨玛','男',21,'19531211702'),('120102199908058613','f002079','庞桂昭','男',21,'16046341716'),('120102199908058656','f002180','莘枝','男',21,'18440522794'),('120102199908058795','f001140','陆风轮','男',21,'18973716516'),('120102199908058816','f002219','韩飘清','男',21,'14860021611'),('120102199908058832','f002014','古滢','男',21,'11218521888'),('120102199908058891','f001254','蔡世筠','男',21,'18259763178'),('120102199908058912','f002071','庄剑','男',21,'11050204416'),('120102199908059050','f001147','伏学凝','男',21,'18212785759'),('12010219990805919X','f002041','邵豪会','男',21,'15879874446'),('120102199908059296','f002257','温磊','男',21,'15398518550'),('120102199908059472','f001152','禄奇','男',21,'14924847869'),('120102199908059499','f002229','娄堂','男',21,'19468943347'),('120102199908059712','f001031','范秀','男',21,'18755577882'),('120102199908059835','f001273','张贞','男',21,'13508495220'),('120102199908059851','f001296','闻人以','男',21,'17699970352'),('120102199908059852','f001001','李四','女',18,NULL),('120102199908059915','f002093','罗世','男',21,'15107107406'),('120102199908059958','f001223','匡厚','男',21,'19426496929'),('120102200108059852','f001001','张三','男',18,NULL),('13052619690610607X','f002222','池英','男',51,'16649207142'),('130526196906106176','f001116','丁乐媚','男',51,'14588987848'),('130526196906106213','f001203','钱贵娥','男',51,'19289772768'),('130526196906106379','f002189','邓伊林','男',51,'13374826665'),('130526196906106432','f001187','赫连朋','男',51,'11625937610'),('130526196906106571','f001039','欧阳筠永','男',51,'15445329785'),('130526196906106635','f002212','郑可贵','男',51,'13299056808'),('130526196906106678','f002242','习琪','男',51,'13887678628'),('13052619690610703X','f001008','左滢健','男',51,'17802832389'),('130526196906107099','f002136','向萍舒','男',51,'17246995325'),('13052619690610711X','f002003','阎莎菲','男',51,'11933011091'),('130526196906107232','f002196','怀芝环','男',51,'16684704057'),('130526196906107371','f002029','邱毓菁','男',51,'19519001237'),('130526196906107478','f002055','陈苇','男',51,'15058075689'),('130526196906107697','f002195','詹辰','男',51,'15060742986'),('130526196906107734','f002149','武宏仪','男',51,'11442390108'),('130526196906107750','f002175','晏怡琼','男',51,'18749359251'),('130526196906108091','f001029','于生岚','男',51,'10376947217'),('130526196906108139','f001035','关飞','男',51,'16356074120'),('130526196906108155','f001061','武悦','男',51,'19136209611'),('130526196906108171','f002230','阙亨天','男',51,'18871425655'),('130526196906108251','f001040','秦嘉','男',51,'11774723429'),('130526196906108278','f001196','柴莎震','男',51,'16345990673'),('130526196906108331','f001127','晏炎','男',51,'12351926242'),('130526196906108438','f001124','谈思','男',51,'11636676520'),('130526196906108454','f001163','卢萱容','男',51,'10520491334'),('130526196906108470','f001009','邹会林','男',51,'16051027580'),('130526196906108518','f002056','娄翰以','男',51,'14640728797'),('130526196906108534','f001103','别飞雁','男',51,'13619808598'),('13052619690610869X','f001160','樊会','男',51,'10548002072'),('13052619690610877X','f002233','燕珊媚','男',51,'12605745111'),('130526196906108833','f001245','苗东旭','男',51,'11676476278'),('130526196906109035','f002158','淳于莉振','男',51,'19284201916'),('130526196906109051','f001268','郑辰翠','男',51,'19408812404'),('130526196906109094','f002054','顾敬','男',51,'12965360645'),('130526196906109318','f002205','路容贤','男',51,'12543823999'),('130526196906109377','f002021','柯朗','男',51,'17693987564'),('130526196906109537','f002044','胡榕','男',51,'15396145312'),('130526196906109852','f001158','公冶平','男',51,'11389151130'),('130526196906109895','f001056','范蝶瑗','男',51,'16980904935'),('140322199611026055','f001262','夏茜','男',24,'16680071691'),('140322199611026258','f002039','禄奇','男',24,'14678399641'),('140322199611026354','f001139','弘邦昌','男',24,'14187859257'),('140322199611026397','f001005','公冶宝霭','男',24,'14774678206'),('140322199611026514','f001098','昌全','男',24,'18717113843'),('140322199611026530','f001142','朱家','男',24,'18680365389'),('14032219961102683X','f001057','卢群晶','男',24,'19151924029'),('140322199611026936','f001121','应家诚','男',24,'13225236613'),('140322199611026995','f002184','李澜','男',24,'14489758689'),('140322199611027111','f002157','诸葛树','男',24,'17746605589'),('140322199611027218','f001260','滕芝','男',24,'14316635712'),('140322199611027277','f001204','奚盛','男',24,'18277228461'),('14032219961102747X','f001188','滕朋','男',24,'13861473681'),('140322199611027592','f002042','邹爽','男',24,'14351011642'),('14032219961102763X','f002118','曹海','男',24,'18608766440'),('14032219961102827X','f001107','胥青东','男',24,'18080506989'),('140322199611028333','f002273','应兰','男',24,'14635956442'),('140322199611028595','f001201','禄翠','男',24,'16814874446'),('140322199611028659','f001156','曲惠','男',24,'13790957164'),('140322199611028771','f002226','诸仪','男',24,'14598929011'),('140322199611028894','f001026','裴莺苇','男',24,'11298858527'),('140322199611028974','f002256','濮阳紫群','男',24,'14203946595'),('140322199611028990','f002272','阎振','男',24,'17217651052'),('140322199611029096','f002236','党祥娅','男',24,'19565542947'),('140322199611029432','f001018','胥天清','男',24,'17227786714'),('140322199611029731','f002188','阙仁','男',24,'17459936373'),('140322199611029918','f001193','平亚纪','男',24,'11077198822'),('140322199611029950','f001220','盛可博','男',24,'13973257362'),('140322199611029993','f002124','澹台雯天','男',24,'12246685144'),('211302199106146009','f001104','嵇河','女',29,'14013757615'),('211302199106146025','f002017','公孙筠','女',29,'12805862157'),('211302199106146041','f001012','马俊雅','女',29,'13776722041'),('211302199106146164','f002231','窦紫晨','女',29,'16817731845'),('211302199106146180','f001290','平莎亮','女',29,'13989278707'),('211302199106146244','f001157','晏中寒','女',29,'10517089280'),('211302199106146340','f001224','单宽凝','女',29,'18374745471'),('21130219910614672X','f002190','柳霭','女',29,'11255861262'),('211302199106146789','f001100','司马鹏','女',29,'17241698707'),('211302199106146826','f001284','蓝苛','女',29,'15751215838'),('211302199106146922','f002169','柯进','女',29,'19825547394'),('211302199106147263','f001132','廖鹏','女',29,'17336756493'),('211302199106147423','f001105','丁黛','女',29,'19102652646'),('21130219910614752X','f001214','庾进','女',29,'12469947219'),('211302199106147589','f001206','卞纨龙','女',29,'14781083735'),('21130219910614760X','f001256','慕容江','女',29,'16472715649'),('211302199106147722','f001250','安珠影','女',29,'18884640453'),('211302199106147765','f002013','刘浩','女',29,'17474599867'),('211302199106147925','f001128','都育','女',29,'19114273968'),('21130219910614816X','f001088','向晴','女',29,'10633766661'),('211302199106148266','f002240','应涛','女',29,'18296754799'),('21130219910614832X','f001034','尚逸浩','女',29,'18161084930'),('211302199106148426','f002135','荀霭竹','女',29,'11517545574'),('211302199106148522','f002156','项静程','女',29,'15141546796'),('211302199106148549','f001225','毛露','女',29,'15597111486'),('211302199106148565','f001064','谭群承','女',29,'10207289510'),('211302199106148581','f001218','师枝','女',29,'13155672872'),('211302199106148725','f001171','莘贵江','女',29,'11046186928'),('211302199106148848','f001192','许彦','女',29,'12550674994'),('211302199106148944','f002143','庞婉洁','女',29,'15222946495'),('211302199106149322','f001087','戴永','女',29,'18311366128'),('211302199106149525','f002116','杜娅苑','女',29,'18061179727'),('211302199106149680','f002087','鲍明','女',29,'17761149855'),('211302199106149883','f001159','洪媛','女',29,'18994257598'),('330329198403146146','f001154','马燕','女',36,'14981919332'),('330329198403146429','f002239','甄璐','女',36,'17668473646'),('330329198403146445','f001217','纪嘉蓝','女',36,'15261869005'),('330329198403146461','f001046','阮阅','女',36,'12598610010'),('330329198403146488','f002277','胡江晶','女',36,'19328450945'),('330329198403146509','f001278','崔瑗贝','女',36,'14968054373'),('330329198403146605','f002173','詹芸','女',36,'15495226790'),('330329198403146621','f001215','都珊辉','女',36,'19338038354'),('330329198403146947','f002134','仇思宜','女',36,'19282349998'),('330329198403147149','f002172','庞竹','女',36,'15859325982'),('330329198403147181','f002024','谭江瑾','女',36,'12813893225'),('330329198403147245','f002108','柯健','女',36,'18454676951'),('330329198403147341','f002031','庞泰','女',36,'15928233614'),('330329198403147384','f002264','弘晨冰','女',36,'12699789497'),('330329198403147624','f001049','包菡建','女',36,'15727615471'),('330329198403147640','f001050','令狐莺浩','女',36,'16545961986'),('330329198403148029','f001170','司马若苇','女',36,'12278165527'),('330329198403148061','f001063','水茂荔','女',36,'10123762028'),('330329198403148141','f001164','龚娥','女',36,'19332663360'),('330329198403148408','f002271','曲利梅','女',36,'15078482289'),('330329198403148424','f002161','程恒薇','女',36,'15761296305'),('330329198403148723','f002091','乔悦艺','女',36,'17658046456'),('330329198403148782','f002015','匡晓宇','女',36,'15588068874'),('330329198403148846','f001186','湛心','女',36,'19270944354'),('330329198403148889','f001025','田琦','女',36,'13377114983'),('330329198403149144','f001183','诸葛怡','女',36,'15053482240'),('330329198403149347','f001275','连唯','女',36,'15501010702'),('330329198403149363','f001089','彭蓓贤','女',36,'16454765030'),('330329198403149523','f002168','扶善','女',36,'19120154490'),('330329198403149849','f002232','冯先妍','女',36,'13373142557'),('340223197004156113','f002227','娄秀宗','男',50,'17281518457'),('34022319700415613X','f001109','谭建','男',50,'11089969330'),('340223197004156199','f002099','沈罡','男',50,'15386980379'),('340223197004156252','f002266','彭安','男',50,'19619725357'),('340223197004156316','f001280','欧清轮','男',50,'10586470236'),('340223197004156332','f001042','史武程','男',50,'16618986875'),('340223197004156391','f002202','云凤','男',50,'13405318170'),('340223197004156498','f001084','吴爽希','男',50,'17918993095'),('340223197004156674','f002247','宗政刚苛','男',50,'18427224864'),('340223197004156770','f002129','邱若山','男',50,'18798219660'),('340223197004156893','f002125','匡蝶','男',50,'12451520593'),('340223197004156930','f001094','屈罡','男',50,'12886777080'),('34022319700415699X','f002140','支全仪','男',50,'12735704795'),('340223197004157191','f001208','丁克楠','男',50,'14867603955'),('340223197004157351','f002030','宗裕','男',50,'17465298115'),('340223197004157474','f002152','秦香','男',50,'18207466887'),('340223197004157618','f002139','雍信纯','男',50,'14689777532'),('340223197004157933','f001138','张筠','男',50,'18683478025'),('340223197004157976','f001287','惠飞','男',50,'15227020335'),('340223197004157992','f002249','郝生雁','男',50,'12544813443'),('340223197004158012','f002185','茅伟','男',50,'15439077487'),('340223197004158071','f001242','武宝','男',50,'12195169843'),('340223197004158119','f001267','潘融','男',50,'11610074052'),('340223197004158135','f001079','解素','男',50,'18074823608'),('340223197004158274','f001041','吴昌','男',50,'19358928547'),('340223197004158354','f001135','荣茜全','男',50,'12807206387'),('340223197004158370','f001209','房琛萱','男',50,'13196589390'),('340223197004158434','f001181','景纯雄','男',50,'14824211342'),('340223197004158493','f001200','姬盛光','男',50,'11318849490'),('340223197004158573','f001038','潘强晴','男',50,'11045821232'),('34022319700415859X','f001058','柏琴','男',50,'10945719003'),('340223197004158653','f002086','施纨','男',50,'10502391153'),('34022319700415867X','f001247','荆凤哲','男',50,'19242867510'),('340223197004158813','f002167','童梦飞','男',50,'14392476579'),('340223197004158856','f002060','邢华','男',50,'12004977479'),('340223197004159015','f001036','范珠娥','男',50,'19889578263'),('340223197004159154','f002274','劳邦','男',50,'15095211881'),('340223197004159373','f002008','姜栋振','男',50,'13982238966'),('34022319700415939X','f002181','浦阅泰','男',50,'17332711898'),('34022319700415955X','f001095','巩敬','男',50,'19730363201'),('340223197004159699','f002073','华贤维','男',50,'14232325395'),('340223197004159736','f001151','龙宗骅','男',50,'18894178852'),('340223197004159859','f002183','闵桂厚','男',50,'10963875230'),('340223197004159971','f002023','唐成涛','男',50,'19851176570'),('360521197504256011','f002082','戚梦裕','男',45,'12171913176'),('360521197504256070','f002263','霍媚会','男',45,'12148605975'),('360521197504256134','f002105','骆平','男',45,'10842044819'),('360521197504256230','f001240','通康紫','男',45,'12844429640'),('360521197504256337','f001169','弘艺','男',45,'19036598692'),('360521197504256417','f001149','长孙真盛','男',45,'19733575119'),('360521197504256492','f001243','卓怡','男',45,'13152749329'),('360521197504256679','f002199','包航中','男',45,'14140796216'),('360521197504256775','f002141','吕融宽','男',45,'10420549506'),('360521197504256935','f001048','吉罡霄','男',45,'14345132031'),('360521197504257014','f001198','卫星菲','男',45,'18024286269'),('36052119750425717X','f002218','诸葛瑾','男',45,'10381136794'),('360521197504257233','f001179','公冶妮','男',45,'19168566687'),('360521197504257559','f001174','逄生','男',45,'12130334959'),('360521197504257751','f001070','凤山航','男',45,'15575231349'),('360521197504258033','f001097','浦丹','男',45,'15421885876'),('36052119750425805X','f001117','齐威芬','男',45,'12697600303'),('360521197504258199','f001062','傅琴','男',45,'19378471466'),('360521197504258252','f002213','桑政','男',45,'16090124576'),('360521197504258316','f002092','褚琦生','男',45,'10305612332'),('360521197504258375','f002221','范彬','男',45,'18141010937'),('360521197504258455','f002028','平容','男',45,'11798291968'),('360521197504258498','f001120','姚阅彦','男',45,'17759883137'),('360521197504258551','f001236','谈冰康','男',45,'14216530793'),('360521197504258594','f001248','徐离爽','男',45,'13544011273'),('360521197504258711','f002026','荆纨翠','男',45,'14096242084'),('360521197504258770','f001019','凤冰兴','男',45,'13137007626'),('360521197504258850','f002128','韦群逸','男',45,'18764522219'),('360521197504259175','f001014','从峰时','男',45,'10007619741'),('360521197504259335','f001092','平子月','男',45,'12701741984'),('360521197504259351','f001246','任容','男',45,'14693605008'),('360521197504259394','f001066','莘松悦','男',45,'14512160086'),('360521197504259474','f001234','舒全玉','男',45,'18884222079'),('360521197504259511','f002248','申琴','男',45,'11971600392'),('360521197504259538','f001146','常良','男',45,'15978136692'),('360521197504259773','f002081','荆琴','男',45,'13758282368'),('36052119750425979X','f002040','都昭','男',45,'13458180871'),('36052119750425987X','f001168','晏妹儿','男',45,'19076370537'),('36052119750425995X','f001226','章昭','男',45,'16481250291'),('360725198703196286','f002200','钟锦荷','女',33,'16032757356'),('36072519870319634X','f002265','仇世','女',33,'15788560698'),('360725198703196366','f001085','阙竹静','女',33,'15820640606'),('36072519870319650X','f001090','林星祥','女',33,'17978178568'),('360725198703196542','f002006','吴轮','女',33,'10510148148'),('360725198703196622','f002145','蔡妹翔','女',33,'13434819632'),('360725198703196702','f002177','赖芳轮','女',33,'17125169660'),('360725198703196964','f001027','湛娅','女',33,'19956100003'),('360725198703197182','f002155','司徒馨','女',33,'15639469168'),('360725198703197465','f001205','屠世','女',33,'13803253634'),('360725198703197502','f001108','蓝梦','女',33,'15434178939'),('360725198703197609','f002126','陈霄宏','女',33,'12429071515'),('360725198703197625','f002043','裴雨','女',33,'14109350191'),('360725198703197668','f001251','伏可','女',33,'12788174709'),('360725198703197705','f002025','马行','女',33,'19085788282'),('360725198703197828','f001239','淳于友','女',33,'12234764304'),('360725198703197908','f002034','金坚先','女',33,'17030182609'),('360725198703198003','f001288','习彩江','女',33,'11351644038'),('360725198703198126','f001002','陈露瑞','女',33,'16674538905'),('360725198703198169','f001015','陆翠','女',33,'18556919236'),('360725198703198185','f001300','童媛','女',33,'19212689505'),('360725198703198249','f001265','詹岩霞','女',33,'14158899732'),('360725198703198361','f001238','尉迟莉','女',33,'13157141217'),('360725198703198484','f001155','仲宗','女',33,'18131862864'),('360725198703198521','f001292','盛会媛','女',33,'18072248176'),('360725198703198740','f001143','毕露','女',33,'13213115456'),('360725198703198767','f001051','陶桂鸣','女',33,'14328415547'),('360725198703198804','f002250','云丽','女',33,'12389621763'),('360725198703198863','f002100','宗有','女',33,'13474552925'),('360725198703198927','f001022','柏柔','女',33,'17811774765'),('360725198703199209','f001045','傅全','女',33,'16644671131'),('360725198703199663','f001257','祁钧寒','女',33,'17570434704'),('360725198703199700','f001032','武舒','女',33,'18559479506'),('360725198703199727','f001219','刘枝君','女',33,'16649323484'),('370306196203156044','f001227','卞蓓','女',58,'17991349832'),('370306196203156060','f002246','郑莉生','女',58,'10249629150'),('370306196203156220','f002241','张菊','女',58,'18595214036'),('370306196203156300','f001006','程全','女',58,'19091314041'),('370306196203156386','f001172','荣健','女',58,'10817886751'),('37030619620315644X','f002238','成全','女',58,'19265507783'),('370306196203156546','f001295','浦眉','女',58,'12309866636'),('370306196203156562','f002052','元宽','女',58,'15597655622'),('370306196203156685','f002085','尤凤','女',58,'10517667172'),('370306196203156829','f002137','单永','女',58,'19232509971'),('370306196203157143','f002097','柏香','女',58,'11365296585'),('37030619620315724X','f002133','鲁惠','女',58,'12468836317'),('370306196203157469','f001030','柳宁','女',58,'10323672041'),('370306196203157901','f002005','李灵霞','女',58,'11086565518'),('370306196203157928','f002083','宇文彦燕','女',58,'15145708227'),('370306196203158082','f002095','庾阅','女',58,'14440170378'),('370306196203158269','f002107','荣峰','女',58,'18898958949'),('370306196203158285','f001259','弘时','女',58,'19829873679'),('370306196203158381','f001115','徐离菁','女',58,'14244102809'),('370306196203158429','f001221','耿朋','女',58,'13335647551'),('370306196203158541','f002048','符荔瑞','女',58,'14300163643'),('370306196203158605','f002022','阮菊','女',58,'14299621255'),('370306196203158621','f001130','赖奇义','女',58,'19645715776'),('370306196203158664','f002225','关宁','女',58,'15427840170'),('370306196203158701','f002165','邵新美','女',58,'18752397876'),('370306196203158808','f002102','胡纪紫','女',58,'13045446637'),('370306196203158824','f002214','司杰','女',58,'10439350350'),('370306196203158840','f002223','曲苑','女',58,'10789484469'),('370306196203159288','f002106','宣眉','女',58,'12982972050'),('370306196203159704','f001294','孔庆露','女',58,'18731801602'),('370306196203159720','f002153','庾雨学','女',58,'16035864320'),('370306196203159763','f002120','罗明荣','女',58,'13061884270'),('370306196203159800','f002080','欧毅静','女',58,'13693430235'),('370306196203159907','f002038','罗雨','女',58,'14629943908'),('370306196203159966','f002033','尤海月','女',58,'10264629728'),('430703196212046006','f001255','茅菡','女',58,'13578613930'),('430703196212046241','f001068','骆霞霄','女',58,'16862232885'),('430703196212046364','f001118','杨哲','女',58,'19962417311'),('430703196212046583','f002070','赵晶致','女',58,'13530718900'),('430703196212046700','f002114','孙艳健','女',58,'14589477402'),('43070319621204676X','f001013','汤珊','女',58,'14161448873'),('430703196212046807','f001055','包平珠','女',58,'15532919997'),('430703196212046882','f001024','浦荔','女',58,'12432965719'),('430703196212047009','f001222','庄芳菡','女',58,'13096884536'),('430703196212047105','f001076','阮启','女',58,'17747914319'),('430703196212047164','f001252','诸茗','女',58,'16996442030'),('430703196212047383','f001111','莫爽炎','女',58,'17943112149'),('430703196212047543','f001279','庞儿','女',58,'15815319423'),('430703196212047586','f002130','闻雨','女',58,'13283129164'),('430703196212047682','f002016','向怡','女',58,'17220394126'),('430703196212047762','f001003','包真','女',58,'11850016705'),('430703196212047789','f002269','孙韵以','女',58,'19621226447'),('430703196212047842','f001119','怀翠','女',58,'12230795266'),('430703196212047869','f002094','公孙荷瑾','女',58,'15970597270'),('430703196212048044','f002122','耿昌','女',58,'13199460059'),('430703196212048140','f002268','樊彪裕','女',58,'15872665060'),('430703196212048220','f001258','施宗竹','女',58,'16541040201'),('43070319621204828X','f002148','倪菡朋','女',58,'11309045351'),('430703196212048327','f002119','晏茜腾','女',58,'17620401510'),('430703196212048749','f002004','鲁婵淑','女',58,'17725069614'),('430703196212048765','f001281','鲍贵','女',58,'14691349192'),('430703196212048802','f001299','雷雅','女',58,'12146076667'),('430703196212049004','f001004','顾洁伊','女',58,'11292068677'),('430703196212049143','f002254','盛贝福','女',58,'19207927178'),('43070319621204924X','f001195','伊成苑','女',58,'19662448421'),('43070319621204940X','f001069','逄红友','女',58,'19086919737'),('430703196212049522','f002101','韩富','女',58,'16678613999'),('430703196212049661','f001011','穆雄','女',58,'12808188889'),('430703196212049784','f001286','池爽','女',58,'12538763443'),('440404200804116136','f001073','章昭香','男',12,'13302256603'),('440404200804116259','f001293','齐纯','男',12,'15868287874'),('440404200804116312','f001136','唐燕','男',12,'11146043189'),('440404200804116435','f001141','郑友','男',12,'16795184115'),('440404200804116494','f001017','宣真琰','男',12,'10750032037'),('440404200804116654','f001082','戴翠君','男',12,'12050908200'),('440404200804116873','f001282','宗政芳燕','男',12,'13344017563'),('440404200804117032','f002166','屈晨淑','男',12,'16185913490'),('440404200804117278','f002019','翟心慧','男',12,'18675075150'),('440404200804117497','f002215','魏伯岩','男',12,'18283631098'),('440404200804117518','f001102','东方惠泰','男',12,'19439646594'),('440404200804117534','f002176','卞荷','男',12,'16163022264'),('440404200804117657','f001080','田美宗','男',12,'13442462548'),('440404200804117833','f002131','幸阅','男',12,'16257698560'),('440404200804118019','f002144','裘佳融','男',12,'11436982650'),('440404200804118078','f002063','欧梁泽','男',12,'11558827165'),('440404200804118211','f001269','水秋瑗','男',12,'12492201112'),('440404200804118334','f001289','费倩浩','男',12,'12767301642'),('440404200804118414','f001270','单筠鹏','男',12,'15751000942'),('440404200804118510','f001129','逄蝶妮','男',12,'12131579258'),('44040420080411857X','f001065','索纨','男',12,'17059034521'),('440404200804118617','f001185','童艳震','男',12,'19254403984'),('440404200804118676','f001213','韩福春','男',12,'19519292501'),('440404200804118799','f001277','冉义琰','男',12,'13441122170'),('440404200804118975','f002261','东凡','男',12,'12729769178'),('440404200804119038','f001071','花纪','男',12,'18198724005'),('440404200804119134','f002047','郭曼翔','男',12,'17876025743'),('440404200804119230','f001001','童贤','男',12,'19220008225'),('440404200804119273','f002245','鲍红','男',12,'17411264331'),('440404200804119492','f002194','容仁菊','男',12,'14959209353'),('440404200804119599','f001167','骆环','男',12,'13586834214'),('44040420080411961X','f001264','欧娴','男',12,'14773412027'),('440404200804119732','f002275','寇婉勤','男',12,'10869527839'),('440404200804119919','f002058','广蕊欢','男',12,'19400988867'),('440404200804119994','f001253','崔天志','男',12,'19425280915'),('460204198001166263','f002001','谢堂纯','女',40,'13078344385'),('460204198001166327','f002132','古慧','女',40,'12686435035'),('46020419800116660X','f001044','昌亮茗','女',40,'15815243217'),('460204198001167223','f002276','别园','女',40,'10499484898'),('460204198001167282','f001016','莘莺','女',40,'19684897579'),('460204198001167303','f002237','袁明','女',40,'11431532503'),('460204198001167346','f001197','祁豪','女',40,'16969167064'),('460204198001167362','f002110','巩浩','女',40,'15724039755'),('46020419800116740X','f002267','朱芝','女',40,'10516919480'),('460204198001167442','f001216','扶武彪','女',40,'15944298209'),('460204198001167506','f002251','朱烁','女',40,'18755105072'),('460204198001167688','f002279','田玉','女',40,'17319027727'),('460204198001167709','f001125','虞心','女',40,'16956522527'),('460204198001167784','f002011','赫连慧贵','女',40,'16188170943'),('460204198001167821','f001235','崔勇','女',40,'19873980930'),('460204198001167960','f001099','从星鸿','女',40,'19418992791'),('460204198001168162','f001021','阎霭睿','女',40,'13593835048'),('460204198001168365','f001060','包雅楠','女',40,'12123495691'),('460204198001168445','f002032','于震','女',40,'18924956097'),('460204198001168461','f001272','都星','女',40,'18702228737'),('460204198001168488','f001202','邓平蓓','女',40,'13090441146'),('460204198001168584','f002064','司马钧','女',40,'15772662293'),('460204198001168680','f001106','姜云群','女',40,'16279933109'),('460204198001168808','f001237','曹承','女',40,'18303650975'),('460204198001168840','f002198','淳于雄炎','女',40,'11309097826'),('460204198001168947','f001271','王芬洁','女',40,'13483506829'),('46020419800116900X','f001276','姜舒寒','女',40,'19747661287'),('460204198001169042','f001161','贺忠菁','女',40,'11504425358'),('460204198001169341','f001244','胥淑全','女',40,'10944001847'),('460204198001169368','f001144','东骅宁','女',40,'15852642838'),('460204198001169464','f001212','封福','女',40,'10125095463'),('460204198001169667','f001194','武雄博','女',40,'19085740011'),('460204198001169843','f001028','宗之苛','女',40,'11480509785'),('460204198001169886','f002076','舒希健','女',40,'17573781645'),('610203200108126239','f001023','步凡','男',19,'16487561535'),('610203200108126538','f001285','孙叶','男',19,'11614414456'),('610203200108126570','f001133','司滢','男',19,'14025070234'),('610203200108126634','f001230','贡露','男',19,'17767719670'),('610203200108126650','f001173','单于纨诚','男',19,'19924687271'),('610203200108126810','f002075','潘凝盛','男',19,'18978202728'),('610203200108127012','f002174','都旭安','男',19,'10338713349'),('610203200108127039','f001261','葛雄蓝','男',19,'10347162898'),('610203200108127119','f002057','尹容荣','男',19,'15295933312'),('610203200108127397','f002113','裘雄惠','男',19,'11731266598'),('610203200108127418','f002069','王中','男',19,'14481007912'),('610203200108127514','f001274','闻枝','男',19,'19282261281'),('610203200108127856','f001047','万玛宏','男',19,'16337545096'),('610203200108128058','f002077','尉迟纯清','男',19,'18506635846'),('610203200108128410','f001298','阎鸿','男',19,'16400652983'),('61020320010812847X','f002115','韩家','男',19,'16771571078'),('610203200108128517','f001067','沈秋','男',19,'13185115670'),('610203200108128576','f002203','邹媚','男',19,'16850692452'),('61020320010812863X','f002207','高平','男',19,'11639287135'),('61020320010812871X','f001166','司骅','男',19,'19897158978'),('610203200108128736','f002224','汪惠素','男',19,'19443343929'),('610203200108128832','f002098','项韵珠','男',19,'12587594801'),('610203200108128891','f001176','霍博','男',19,'18735070812'),('610203200108129034','f002046','苏文盛','男',19,'14531989790'),('610203200108129077','f001123','寿琳亚','男',19,'18089583134'),('610203200108129093','f002217','劳宜斌','男',19,'16154019600'),('610203200108129499','f002066','沈玉','男',19,'15881371006'),('610203200108129536','f001165','冉贵','男',19,'13447583815'),('610203200108129595','f001229','梁伟','男',19,'19624769934'),('610203200108129712','f001150','利眉','男',19,'13134747433'),('610203200108129739','f001091','崔娣','男',19,'10262797058'),('610203200108129771','f001101','柏羽鸣','男',19,'10421037338'),('62032119480212637X','f002027','申力振','男',72,'11077015903'),('620321194802126396','f001053','夏侯家元','男',72,'14815936360'),('620321194802126572','f002260','滕婷贤','男',72,'18221179831'),('620321194802126812','f001190','顾凤先','男',72,'10454363264'),('620321194802126919','f001010','满珠','男',72,'14236142464'),('620321194802127137','f002201','解柔','男',72,'13773423033'),('620321194802127153','f001052','孔菊','男',72,'14025429984'),('620321194802127217','f001249','易璧','男',72,'11208980208'),('620321194802127233','f001096','李桦斌','男',72,'15717750461'),('620321194802127559','f002002','梅雯雪','男',72,'10866326294'),('620321194802127997','f002103','喻翰','男',72,'17401703010'),('620321194802128199','f002228','单江娜','男',72,'17037510935'),('620321194802128295','f001043','孙融','男',72,'17781332263'),('620321194802128359','f002112','盛娣','男',72,'15495165089'),('620321194802128375','f002121','洪兰','男',72,'18599023857'),('620321194802128391','f001233','封功','男',72,'11171829518'),('620321194802128412','f002151','喻春芸','男',72,'18565704704'),('620321194802128455','f002191','仇谦锦','男',72,'17850856550'),('620321194802128770','f001020','祝枝','男',72,'14490193736'),('620321194802128797','f001145','严韦','男',72,'10210632825'),('620321194802128834','f002255','郑勇','男',72,'11090741013'),('620321194802129159','f001081','纪东佳','男',72,'15284606659'),('620321194802129175','f002088','房菡','男',72,'12456963110'),('620321194802129212','f001134','溥罡春','男',72,'11197546743'),('620321194802129255','f001137','狄杰玉','男',72,'10199006067'),('620321194802129319','f001177','倪怡','男',72,'11003537632'),('620321194802129474','f002253','滕若','男',72,'19002160974'),('620321194802129511','f001191','司马凤阳','男',72,'11050171158'),('620321194802129597','f001093','柏芸','男',72,'12119095625'),('620321194802129634','f001075','薛利','男',72,'16675379495'),('620321194802129757','f001283','殷凝','男',72,'15182041007'),('62032119480212987X','f001033','季卿凤','男',72,'16195856915'),('620321194802129896','f001126','房士民','男',72,'14758188306'),('62032119480212995X','f002244','单勤红','男',72,'10906691613'),('620321194802129992','f002036','范康馨','男',72,'13669631393'),('632323198803036004','f002012','熊树邦','女',32,'15226692535'),('632323198803036143','f002164','宗政融','女',32,'19945530634'),('632323198803036186','f001074','逄剑山','女',32,'15716979218'),('632323198803036207','f002065','舒唯曼','女',32,'13135609493'),('632323198803036346','f001083','戴玛','女',32,'17801277256'),('632323198803036426','f002159','从邦康','女',32,'16009655170'),('632323198803036549','f001291','任青乐','女',32,'17526293040'),('632323198803036602','f001182','高威心','女',32,'18652064095'),('632323198803036864','f002262','关芬盛','女',32,'16261195825'),('632323198803036987','f001297','通武','女',32,'10948788195'),('632323198803037023','f001059','鲁君才','女',32,'13756780856'),('63232319880303704X','f001086','花枝影','女',32,'14578019514'),('63232319880303712X','f001207','廖霭','女',32,'18955805214'),('63232319880303720X','f002258','阙君','女',32,'17732225740'),('632323198803037488','f002062','幸桦','女',32,'12468735548'),('632323198803037509','f002270','寿悦','女',32,'10042436335'),('632323198803037787','f001153','元广嘉','女',32,'10444208749'),('632323198803037867','f002072','柳丽玲','女',32,'12618363639'),('632323198803037963','f001175','邓静婵','女',32,'10164754207'),('63232319880303800X','f001210','昌阳锦','女',32,'17063243854'),('632323198803038229','f002150','平平林','女',32,'16286815278'),('632323198803038261','f001266','郝安绿','女',32,'14642816364'),('632323198803038288','f001180','童胜','女',32,'12135415874'),('632323198803038405','f002142','甄儿','女',32,'19723729330'),('632323198803038560','f002204','昌彩','女',32,'15178288349'),('632323198803038624','f002278','解仁','女',32,'18555815179'),('632323198803038640','f001110','长孙欣婷','女',32,'19982901597'),('632323198803038763','f001007','包淑','女',32,'19385203932'),('63232319880303878X','f002210','单榕','女',32,'12083542017'),('63232319880303886X','f001054','孔剑嘉','女',32,'10380803703'),('632323198803038982','f002259','严园','女',32,'15818388678'),('632323198803039029','f002049','闻人烟','女',32,'10770786459'),('632323198803039125','f001148','司空翠','女',32,'17552278332'),('632323198803039360','f002037','尹飞影','女',32,'17519002001'),('632323198803039408','f001078','毕莲','女',32,'19942205112'),('632323198803039547','f002178','钱淑丹','女',32,'13364915902'),('632323198803039627','f002179','乔烟壮','女',32,'12221558828'),('632323198803039643','f002010','舒俊','女',32,'12778132159'),('632323198803039846','f001131','公冶真枫','女',32,'12282651927'),('632323198803039862','f002234','柯凤','女',32,'17514710086'),('632323198803039969','f001037','梅秋','女',32,'14242209967');
/*!40000 ALTER TABLE `people` ENABLE KEYS */;
UNLOCK TABLES;

--
-- Table structure for table `pet`
--

DROP TABLE IF EXISTS `pet`;
/*!40101 SET @saved_cs_client     = @@character_set_client */;
/*!50503 SET character_set_client = utf8mb4 */;
CREATE TABLE `pet` (
  `id` varchar(20) NOT NULL,
  `f_id` varchar(20) NOT NULL,
  `variety` varchar(20) NOT NULL,
  `sex` varchar(20) NOT NULL,
  `age` int DEFAULT '0',
  PRIMARY KEY (`id`),
  KEY `pet_ibfk_1` (`f_id`),
  CONSTRAINT `pet_ibfk_1` FOREIGN KEY (`f_id`) REFERENCES `family` (`id`)
) ENGINE=InnoDB DEFAULT CHARSET=utf8mb4 COLLATE=utf8mb4_0900_ai_ci;
/*!40101 SET character_set_client = @saved_cs_client */;

--
-- Dumping data for table `pet`
--

LOCK TABLES `pet` WRITE;
/*!40000 ALTER TABLE `pet` DISABLE KEYS */;
INSERT INTO `pet` VALUES ('f0010011','f001001','bbb','aaa',1),('f0010031','f001003','狗','雌',2),('f0010041','f001004','狗','雄',2),('f0010051','f001005','狗','雄',5),('f0010061','f001006','狗','雄',9),('f0010071','f001007','狗','雄',6),('f0010081','f001008','狗','雄',8),('f0010121','f001012','猫','雄',5),('f0010131','f001013','狗','雌',4),('f0010151','f001015','狗','雌',5),('f0010161','f001016','猫','雌',7),('f0010171','f001017','狗','雄',6),('f0010181','f001018','猫','雄',9),('f0010201','f001020','狗','雄',10),('f0010211','f001021','狗','雌',8),('f0010221','f001022','狗','雌',8),('f0010251','f001025','狗','雄',1),('f0010271','f001027','狗','雄',8),('f0010301','f001030','狗','雄',1),('f0010321','f001032','狗','雌',3),('f0010331','f001033','猫','雌',2),('f0010351','f001035','狗','雄',8),('f0010371','f001037','狗','雄',8),('f0010381','f001038','狗','雌',3),('f0010391','f001039','狗','雌',6),('f0010401','f001040','狗','雄',1),('f0010411','f001041','狗','雄',1),('f0010421','f001042','狗','雌',8),('f0010431','f001043','狗','雌',1),('f0010441','f001044','狗','雄',2),('f0010451','f001045','狗','雄',6),('f0010461','f001046','狗','雄',4),('f0010481','f001048','狗','雄',3),('f0010491','f001049','狗','雌',3),('f0010501','f001050','狗','雄',3),('f0010511','f001051','狗','雄',2),('f0010521','f001052','狗','雄',1),('f0010541','f001054','狗','雄',2),('f0010561','f001056','猫','雄',4),('f0010621','f001062','狗','雌',9),('f0010631','f001063','狗','雌',8),('f0010641','f001064','狗','雄',9),('f0010651','f001065','狗','雄',8),('f0010671','f001067','猫','雄',2),('f0010691','f001069','狗','雌',7),('f0010701','f001070','狗','雌',3),('f0010711','f001071','狗','雄',6),('f0010721','f001072','猫','雄',1),('f0010731','f001073','猫','雄',6),('f0010741','f001074','狗','雌',4),('f0010751','f001075','狗','雌',5),('f0010771','f001077','猫','雌',6),('f0010781','f001078','狗','雌',7),('f0010791','f001079','猫','雄',10),('f0010801','f001080','狗','雌',4),('f0010831','f001083','狗','雌',7),('f0010841','f001084','狗','雌',10),('f0010861','f001086','狗','雄',6),('f0010881','f001088','狗','雄',7),('f0010891','f001089','狗','雄',4),('f0010901','f001090','猫','雄',4),('f0010911','f001091','猫','雌',8),('f0010921','f001092','猫','雌',10),('f0010931','f001093','狗','雄',9),('f0010951','f001095','猫','雄',5),('f0010981','f001098','狗','雄',9),('f0010991','f001099','狗','雌',9),('f0011011','f001101','狗','雌',3),('f0011021','f001102','狗','雄',7),('f0011031','f001103','狗','雄',3),('f0011041','f001104','狗','雌',2),('f0011051','f001105','猫','雄',2),('f0011061','f001106','狗','雄',2),('f0011081','f001108','狗','雌',8),('f0011091','f001109','狗','雄',2),('f0011101','f001110','猫','雌',4),('f0011111','f001111','狗','雄',10),('f0011121','f001112','猫','雄',6),('f0011131','f001113','狗','雄',5),('f0011141','f001114','狗','雌',6),('f0011161','f001116','狗','雌',10),('f0011171','f001117','猫','雌',6),('f0011181','f001118','狗','雌',10),('f0011191','f001119','猫','雄',3),('f0011201','f001120','狗','雌',2),('f0011211','f001121','狗','雄',8),('f0011221','f001122','狗','雄',2),('f0011241','f001124','狗','雄',3),('f0011251','f001125','猫','雄',6),('f0011261','f001126','狗','雌',4),('f0011271','f001127','猫','雄',10),('f0011281','f001128','猫','雄',1),('f0011311','f001131','狗','雌',6),('f0011321','f001132','狗','雄',6),('f0011371','f001137','狗','雌',4),('f0011381','f001138','狗','雄',2),('f0011391','f001139','狗','雄',1),('f0011401','f001140','狗','雄',3),('f0011421','f001142','狗','雌',8),('f0011431','f001143','狗','雌',6),('f0011451','f001145','狗','雄',4),('f0011461','f001146','猫','雄',7),('f0011471','f001147','狗','雌',8),('f0011481','f001148','狗','雄',7),('f0011491','f001149','狗','雄',1),('f0011501','f001150','狗','雄',10),('f0011521','f001152','狗','雄',5),('f0011541','f001154','狗','雌',8),('f0011551','f001155','狗','雄',2),('f0011571','f001157','狗','雌',4),('f0011581','f001158','狗','雄',3),('f0011601','f001160','狗','雄',3),('f0011611','f001161','狗','雌',6),('f0011621','f001162','狗','雄',1),('f0011631','f001163','猫','雌',10),('f0011641','f001164','狗','雄',9),('f0011651','f001165','猫','雄',10),('f0011661','f001166','狗','雄',7),('f0011671','f001167','狗','雄',4),('f0011681','f001168','狗','雄',8),('f0011691','f001169','狗','雌',9),('f0011701','f001170','狗','雌',2),('f0011731','f001173','猫','雌',2),('f0011761','f001176','猫','雄',6),('f0011771','f001177','狗','雌',5),('f0011791','f001179','狗','雄',1),('f0011801','f001180','狗','雄',1),('f0011821','f001182','狗','雌',6),('f0011831','f001183','猫','雌',8),('f0011841','f001184','猫','雌',9),('f0011851','f001185','狗','雄',9),('f0011861','f001186','猫','雌',3),('f0011871','f001187','狗','雄',6),('f0011881','f001188','狗','雄',7),('f0011891','f001189','狗','雌',6),('f0011901','f001190','狗','雌',4),('f0011921','f001192','猫','雄',9),('f0011931','f001193','猫','雌',1),('f0011961','f001196','狗','雄',4),('f0011971','f001197','狗','雄',5),('f0012001','f001200','狗','雌',8),('f0012031','f001203','猫','雌',5),('f0012041','f001204','狗','雌',9),('f0012061','f001206','狗','雌',3),('f0012071','f001207','狗','雄',8),('f0012081','f001208','猫','雌',4),('f0012091','f001209','猫','雌',5),('f0012111','f001211','狗','雄',8),('f0012121','f001212','狗','雄',2),('f0012131','f001213','狗','雄',4),('f0012141','f001214','狗','雄',6),('f0012181','f001218','狗','雄',9),('f0012191','f001219','狗','雄',4),('f0012211','f001221','狗','雌',2),('f0012231','f001223','狗','雌',8),('f0012251','f001225','狗','雄',9),('f0012271','f001227','狗','雄',1),('f0012291','f001229','狗','雌',3),('f0012311','f001231','猫','雄',6),('f0012341','f001234','狗','雌',8),('f0012351','f001235','狗','雄',7),('f0012361','f001236','狗','雄',1),('f0012391','f001239','狗','雄',4),('f0012411','f001241','猫','雌',2),('f0012421','f001242','狗','雌',4),('f0012431','f001243','狗','雌',2),('f0012441','f001244','狗','雄',1),('f0012451','f001245','狗','雄',1),('f0012481','f001248','狗','雌',9),('f0012491','f001249','狗','雌',5),('f0012501','f001250','狗','雌',9),('f0012511','f001251','狗','雌',6),('f0012521','f001252','狗','雄',9),('f0012531','f001253','狗','雌',3),('f0012541','f001254','狗','雄',8),('f0012571','f001257','狗','雄',7),('f0012601','f001260','猫','雄',6),('f0012611','f001261','狗','雄',3),('f0012621','f001262','狗','雄',2),('f0012641','f001264','狗','雌',7),('f0012651','f001265','狗','雌',6),('f0012661','f001266','狗','雄',8),('f0012671','f001267','狗','雄',9),('f0012681','f001268','猫','雄',9),('f0012701','f001270','猫','雌',7),('f0012711','f001271','猫','雌',8),('f0012731','f001273','狗','雄',9),('f0012741','f001274','狗','雄',5),('f0012751','f001275','狗','雌',8),('f0012771','f001277','狗','雌',2),('f0012781','f001278','狗','雄',4),('f0012791','f001279','狗','雄',9),('f0012811','f001281','狗','雌',2),('f0012821','f001282','狗','雄',9),('f0012831','f001283','狗','雄',8),('f0012841','f001284','狗','雄',9),('f0012851','f001285','狗','雄',7),('f0012861','f001286','狗','雌',6),('f0012871','f001287','狗','雄',3),('f0012891','f001289','猫','雄',1),('f0012911','f001291','猫','雌',7),('f0012921','f001292','狗','雄',5),('f0012931','f001293','狗','雌',1),('f0012941','f001294','狗','雄',7),('f0012951','f001295','狗','雄',6),('f0012971','f001297','猫','雌',1),('f0012981','f001298','狗','雄',7),('f0012991','f001299','猫','雄',3),('f0013001','f001300','狗','雄',3),('f0020011','f002001','狗','雄',4),('f0020021','f002002','猫','雄',2),('f0020031','f002003','猫','雌',5),('f0020041','f002004','狗','雌',6),('f0020051','f002005','猫','雄',8),('f0020071','f002007','狗','雌',1),('f0020081','f002008','狗','雄',6),('f0020111','f002011','狗','雄',7),('f0020121','f002012','猫','雄',9),('f0020131','f002013','猫','雄',6),('f0020161','f002016','狗','雌',8),('f0020171','f002017','猫','雄',5),('f0020181','f002018','狗','雄',6),('f0020201','f002020','狗','雌',4),('f0020211','f002021','猫','雌',2),('f0020241','f002024','狗','雌',6),('f0020261','f002026','狗','雄',4),('f0020281','f002028','狗','雌',2),('f0020291','f002029','狗','雄',7),('f0020311','f002031','狗','雄',10),('f0020321','f002032','狗','雌',10),('f0020331','f002033','狗','雄',3),('f0020341','f002034','狗','雄',10),('f0020361','f002036','狗','雄',5),('f0020381','f002038','狗','雌',8),('f0020391','f002039','猫','雌',3),('f0020401','f002040','狗','雄',10),('f0020411','f002041','狗','雄',6),('f0020431','f002043','狗','雄',3),('f0020441','f002044','猫','雄',5),('f0020451','f002045','狗','雌',1),('f0020461','f002046','猫','雌',4),('f0020471','f002047','狗','雌',2),('f0020481','f002048','狗','雄',10),('f0020511','f002051','狗','雄',3),('f0020521','f002052','猫','雄',3),('f0020531','f002053','猫','雄',3),('f0020541','f002054','狗','雄',9),('f0020561','f002056','狗','雄',2),('f0020571','f002057','狗','雄',8),('f0020581','f002058','狗','雄',6),('f0020621','f002062','狗','雄',5),('f0020641','f002064','狗','雄',8),('f0020671','f002067','猫','雄',5),('f0020681','f002068','狗','雌',6),('f0020691','f002069','猫','雄',1),('f0020701','f002070','狗','雄',6),('f0020711','f002071','狗','雌',10),('f0020721','f002072','狗','雌',2),('f0020731','f002073','猫','雄',9),('f0020741','f002074','狗','雄',4),('f0020751','f002075','猫','雄',3),('f0020771','f002077','狗','雌',8),('f0020781','f002078','狗','雄',9),('f0020791','f002079','猫','雄',5),('f0020801','f002080','狗','雄',8),('f0020821','f002082','猫','雄',2),('f0020841','f002084','狗','雌',6),('f0020861','f002086','狗','雌',8),('f0020871','f002087','狗','雄',6),('f0020881','f002088','狗','雄',4),('f0020891','f002089','猫','雄',2),('f0020911','f002091','猫','雄',10),('f0020921','f002092','狗','雌',6),('f0020931','f002093','猫','雄',9),('f0020941','f002094','狗','雌',3),('f0020951','f002095','猫','雌',7),('f0020961','f002096','猫','雌',10),('f0020971','f002097','狗','雄',5),('f0020981','f002098','猫','雄',4),('f0021001','f002100','狗','雌',1),('f0021011','f002101','狗','雄',4),('f0021081','f002108','猫','雌',4),('f0021101','f002110','狗','雌',6),('f0021171','f002117','猫','雄',7),('f0021191','f002119','狗','雄',3),('f0021201','f002120','狗','雌',4),('f0021211','f002121','狗','雄',1),('f0021241','f002124','狗','雄',5),('f0021251','f002125','狗','雌',8),('f0021261','f002126','猫','雌',4),('f0021271','f002127','狗','雌',10),('f0021281','f002128','狗','雌',7),('f0021291','f002129','狗','雄',9),('f0021311','f002131','狗','雌',5),('f0021321','f002132','狗','雌',2),('f0021331','f002133','狗','雌',10),('f0021351','f002135','狗','雄',2),('f0021361','f002136','狗','雌',6),('f0021381','f002138','狗','雌',2),('f0021391','f002139','狗','雌',6),('f0021401','f002140','猫','雌',4),('f0021411','f002141','狗','雄',2),('f0021431','f002143','狗','雄',5),('f0021441','f002144','狗','雌',5),('f0021451','f002145','猫','雌',6),('f0021471','f002147','狗','雄',8),('f0021481','f002148','狗','雌',5),('f0021501','f002150','狗','雌',5),('f0021521','f002152','狗','雌',1),('f0021531','f002153','猫','雄',1),('f0021541','f002154','猫','雌',6),('f0021581','f002158','狗','雌',9),('f0021591','f002159','狗','雄',10),('f0021601','f002160','狗','雄',2),('f0021611','f002161','猫','雄',5),('f0021631','f002163','猫','雄',1),('f0021641','f002164','狗','雄',4),('f0021651','f002165','狗','雌',3),('f0021661','f002166','狗','雄',8),('f0021671','f002167','猫','雌',10),('f0021681','f002168','狗','雄',5),('f0021691','f002169','狗','雌',10),('f0021701','f002170','狗','雌',4),('f0021711','f002171','狗','雌',9),('f0021751','f002175','狗','雌',10),('f0021771','f002177','猫','雄',10),('f0021781','f002178','狗','雄',3),('f0021791','f002179','狗','雌',6),('f0021801','f002180','狗','雌',10),('f0021811','f002181','狗','雌',10),('f0021821','f002182','狗','雄',6),('f0021841','f002184','狗','雄',4),('f0021851','f002185','狗','雄',1),('f0021861','f002186','狗','雌',8),('f0021871','f002187','猫','雄',8),('f0021891','f002189','狗','雄',6),('f0021911','f002191','狗','雌',4),('f0021931','f002193','狗','雄',2),('f0021941','f002194','狗','雌',6),('f0021961','f002196','狗','雌',3),('f0021971','f002197','猫','雌',8),('f0021981','f002198','狗','雄',2),('f0022021','f002202','猫','雄',4),('f0022031','f002203','狗','雌',3),('f0022071','f002207','猫','雄',5),('f0022091','f002209','猫','雌',9),('f0022101','f002210','狗','雄',6),('f0022111','f002211','狗','雄',10),('f0022121','f002212','狗','雌',9),('f0022131','f002213','狗','雌',9),('f0022141','f002214','狗','雌',6),('f0022151','f002215','狗','雄',4),('f0022161','f002216','狗','雌',7),('f0022181','f002218','狗','雌',8),('f0022191','f002219','猫','雌',2),('f0022201','f002220','狗','雄',2),('f0022221','f002222','狗','雄',10),('f0022241','f002224','狗','雌',4),('f0022261','f002226','猫','雄',4),('f0022281','f002228','狗','雌',6),('f0022291','f002229','猫','雌',8),('f0022301','f002230','狗','雄',2),('f0022321','f002232','猫','雌',6),('f0022331','f002233','狗','雄',2),('f0022341','f002234','狗','雄',6),('f0022361','f002236','狗','雌',3),('f0022381','f002238','狗','雌',8),('f0022391','f002239','狗','雄',2),('f0022401','f002240','狗','雄',10),('f0022411','f002241','猫','雄',4),('f0022421','f002242','狗','雌',6),('f0022451','f002245','狗','雄',9),('f0022471','f002247','狗','雄',6),('f0022491','f002249','狗','雄',8),('f0022501','f002250','狗','雄',1),('f0022511','f002251','猫','雄',3),('f0022521','f002252','狗','雄',8),('f0022531','f002253','猫','雄',6),('f0022541','f002254','狗','雌',4),('f0022551','f002255','狗','雄',2),('f0022571','f002257','猫','雄',2),('f0022581','f002258','狗','雌',4),('f0022591','f002259','狗','雄',8),('f0022601','f002260','狗','雌',3),('f0022611','f002261','猫','雌',2),('f0022621','f002262','狗','雌',1),('f0022631','f002263','猫','雌',8),('f0022651','f002265','狗','雌',9),('f0022661','f002266','猫','雄',7),('f0022671','f002267','狗','雄',4),('f0022691','f002269','狗','雌',10),('f0022711','f002271','狗','雌',10),('f0022721','f002272','猫','雄',1),('f0022751','f002275','狗','雄',10),('f0022761','f002276','狗','雌',3),('f0022771','f002277','狗','雌',3),('f0022781','f002278','狗','雌',9),('f0022801','f002280','狗','雌',1);
/*!40000 ALTER TABLE `pet` ENABLE KEYS */;
UNLOCK TABLES;

--
-- Table structure for table `staff`
--

DROP TABLE IF EXISTS `staff`;
/*!40101 SET @saved_cs_client     = @@character_set_client */;
/*!50503 SET character_set_client = utf8mb4 */;
CREATE TABLE `staff` (
  `id` varchar(20) NOT NULL,
  `h_e_id` varchar(20) DEFAULT NULL,
  `s_name` varchar(20) NOT NULL,
  `s_sex` varchar(20) NOT NULL,
  `s_age` int DEFAULT '0',
  `telephone` varchar(20) DEFAULT NULL,
  `idcard` varchar(20) DEFAULT NULL,
  `staff_position` varchar(20) DEFAULT NULL,
  `wages` int DEFAULT '0',
  PRIMARY KEY (`id`),
  KEY `h_e_id` (`h_e_id`),
  CONSTRAINT `staff_ibfk_1` FOREIGN KEY (`h_e_id`) REFERENCES `housing_estate` (`id`)
) ENGINE=InnoDB DEFAULT CHARSET=utf8mb4 COLLATE=utf8mb4_0900_ai_ci;
/*!40101 SET character_set_client = @saved_cs_client */;

--
-- Dumping data for table `staff`
--

LOCK TABLES `staff` WRITE;
/*!40000 ALTER TABLE `staff` DISABLE KEYS */;
INSERT INTO `staff` VALUES ('s001001','001','黎梁宗','男',27,'11553955357','610326199303129595\'','主管',5000),('s001002','001','史枫丽','女',27,'17131977158','231004199303136205','公共事务人员',4000),('s001003','001','姜钧','女',27,'19393295667','23100419930313674X','公共事务人员',4000),('s001004','001','江广忠','女',20,'13476963796','320281200010018803','公共事务人员',4000),('s001005','001','奚美','女',41,'18169583795','632224197907048807','公共事务人员',4000),('s001006','001','戴秋','女',24,'13284334971','320581199612038300','公共事务人员',4000),('s001007','001','司空莲楠','女',35,'16135679372','532327198505179746','机电维修人员',4000),('s001008','001','卢威','男',24,'12772313561','110107199603086496','机电维修人员',4000),('s001009','001','元灵苇','男',56,'17527823544','231004196402259258','保安',3500),('s001010','001','禄柔','女',35,'16989911475','532327198505177740','保安',3500),('s001011','001','项海文','男',27,'12449797172','610326199303128453','保安',3500),('s001012','001','房菡雨','女',41,'15882763633','632224197907047820','保安',3500),('s001013','001','伏功树','男',44,'19346169128','43022119761012871X','保安',3500),('s001014','001','湛新娣','男',24,'12957663732','11010719960308639X','保安',3500),('s001015','001','庾霞','女',27,'18129365129','231004199303137507','保安',3500),('s001016','001','申屠勇彪','女',35,'13598966635','532327198505177265','保安',3500),('s001017','001','巩士','男',31,'12238692813','37052319890416991X','清洁工',3000),('s001018','001','龚雁','女',35,'19816792892','532327198505178743','清洁工',3000),('s001019','001','步文','男',44,'13576377721','430221197610129237','清洁工',3000),('s001020','001','常纯','女',24,'18597853359','320581199612036823','清洁工',3000),('s002001','002','项海文','男',27,'19878195514','610326199303128453','主管',5000),('s002002','002','管发信','男',56,'11295478759','231004196402256698','公共事务人员',4000),('s002003','002','瞿芸民','女',20,'19495358394','320281200010016103','公共事务人员',4000),('s002004','002','湛言亨','男',31,'11691483432','370523198904167236','公共事务人员',4000),('s002005','002','贾叶桦','男',31,'13323117896','370523198904166751','公共事务人员',4000),('s002006','002','纪翠','女',35,'19782347781','532327198505179869','公共事务人员',4000),('s002007','002','堵友洁','男',44,'14785321366','430221197610129691','机电维修人员',4000),('s002008','002','夏枝翠','女',41,'15527165984','632224197907049826','机电维修人员',4000),('s002009','002','耿韵莺','男',56,'15796434934','231004196402259098','保安',3500),('s002010','002','卞姬','女',24,'11339982648','320581199612037201','保安',3500),('s002011','002','王爱','男',31,'15214757758','370523198904168853','保安',3500),('s002012','002','柯璧','女',20,'19131535862','320281200010019064','保安',3500),('s002013','002','满茜','女',27,'12672463131','231004199303136627','保安',3500),('s002014','002','宁浩','男',31,'13424499477','370523198904167332','保安',3500),('s002015','002','卫莺伊','女',20,'13182151895','320281200010019160','保安',3500),('s002016','002','闵艺','女',24,'18835475263','320581199612038300','保安',3500),('s002017','002','韩叶','女',41,'19438945184','632224197907047564','清洁工',3000),('s002018','002','吕黛月','男',24,'15369732634','110107199603088037','清洁工',3000),('s002019','002','魏振芝','男',56,'19191822634','231004196402257578','清洁工',3000),('s002020','002','朱利毓','男',56,'17341518811','231004196402258319','清洁工',3000);
/*!40000 ALTER TABLE `staff` ENABLE KEYS */;
UNLOCK TABLES;

--
-- Table structure for table `staff_account_number`
--

DROP TABLE IF EXISTS `staff_account_number`;
/*!40101 SET @saved_cs_client     = @@character_set_client */;
/*!50503 SET character_set_client = utf8mb4 */;
CREATE TABLE `staff_account_number` (
  `id` varchar(20) NOT NULL,
  `password` varchar(20) NOT NULL,
  `staff_id` varchar(20) DEFAULT NULL,
  PRIMARY KEY (`id`),
  KEY `staff_id` (`staff_id`),
  CONSTRAINT `staff_account_number_ibfk_1` FOREIGN KEY (`staff_id`) REFERENCES `staff` (`id`)
) ENGINE=InnoDB DEFAULT CHARSET=utf8mb4 COLLATE=utf8mb4_0900_ai_ci;
/*!40101 SET character_set_client = @saved_cs_client */;

--
-- Dumping data for table `staff_account_number`
--

LOCK TABLES `staff_account_number` WRITE;
/*!40000 ALTER TABLE `staff_account_number` DISABLE KEYS */;
INSERT INTO `staff_account_number` VALUES ('s001001','123456','s001001'),('s001002','123456','s001002'),('s001003','123456','s001003'),('s001004','123456','s001004'),('s001005','123456','s001005'),('s001006','123456','s001006'),('s001007','123456','s001007'),('s001008','123456','s001008'),('s001009','123456','s001009'),('s001010','123456','s001010'),('s001011','123456','s001011'),('s001012','123456','s001012'),('s001013','123456','s001013'),('s001014','123456','s001014'),('s001015','123456','s001015'),('s001016','123456','s001016'),('s001017','123456','s001017'),('s001018','123456','s001018'),('s001019','123456','s001019'),('s001020','123456','s001020'),('s002001','123456','s002001'),('s002002','123456','s002002'),('s002003','123456','s002003'),('s002004','123456','s002004'),('s002005','123456','s002005'),('s002006','123456','s002006'),('s002007','123456','s002007'),('s002008','123456','s002008'),('s002009','123456','s002009'),('s002010','123456','s002010'),('s002011','123456','s002011'),('s002012','123456','s002012'),('s002013','123456','s002013'),('s002014','123456','s002014'),('s002015','123456','s002015'),('s002016','123456','s002016'),('s002017','123456','s002017'),('s002018','123456','s002018'),('s002019','123456','s002019'),('s002020','123456','s002020');
/*!40000 ALTER TABLE `staff_account_number` ENABLE KEYS */;
UNLOCK TABLES;
/*!40103 SET TIME_ZONE=@OLD_TIME_ZONE */;

/*!40101 SET SQL_MODE=@OLD_SQL_MODE */;
/*!40014 SET FOREIGN_KEY_CHECKS=@OLD_FOREIGN_KEY_CHECKS */;
/*!40014 SET UNIQUE_CHECKS=@OLD_UNIQUE_CHECKS */;
/*!40101 SET CHARACTER_SET_CLIENT=@OLD_CHARACTER_SET_CLIENT */;
/*!40101 SET CHARACTER_SET_RESULTS=@OLD_CHARACTER_SET_RESULTS */;
/*!40101 SET COLLATION_CONNECTION=@OLD_COLLATION_CONNECTION */;
/*!40111 SET SQL_NOTES=@OLD_SQL_NOTES */;

-- Dump completed on 2021-01-04 15:39:50
